run,arm,d,step,train_loss,train_loss_med200,val_bpc,val_ppl,val_bpc_0_512,val_bpc_512_4096,val_bpc_4096_8192,grad_norm,nonfinite_steps,ms_per_step,peak_MB,params,elapsed_s,mask_nnz,mask_density
softmax_qkn,softmax,,2000,2.3698513507843018,2.3557214736938477,3.4023492069465955,10.573266213781714,3.4281059184429967,3.390230987881989,3.409733059691075,0.6034228801727295,0,30.452160000801086,3614.45556640625,5384704,61.19777536392212,33558528,0.50006103515625
softmax_qkn,softmax,,4000,1.6092042922973633,1.5740641355514526,2.2917329588455906,4.896439160588935,2.367009963238322,2.284685917253679,2.2884894946894208,1.838327407836914,0,29.89285635948181,3614.45556640625,5384704,121.2033839225769,33558528,0.50006103515625
softmax_qkn,softmax,,6000,1.1469573974609375,1.1872071623802185,1.7429749098918088,3.3472467577979157,1.9288972755322362,1.7470851771140148,1.716138130367326,0.8571155071258545,0,29.909931421279907,3614.45556640625,5384704,181.24384760856628,33558528,0.50006103515625
softmax_qkn,softmax,,8000,1.0031988620758057,1.110379159450531,1.6444377673150807,3.1262600002990326,1.8202725016414454,1.64707488932568,1.6201509437650108,0.7273728251457214,0,29.94839906692505,3614.45556640625,5384704,241.3616383075714,33558528,0.50006103515625
softmax_qkn,softmax,,10000,1.0932793617248535,1.0753381252288818,1.5943278923503912,3.0195381326153328,1.768759214788088,1.5959332620324582,1.5711192785738708,0.7115623950958252,0,29.953956723213196,3614.45556640625,5384704,301.4900498390198,33558528,0.50006103515625
softmax_qkn,softmax,,12000,1.0893223285675049,1.0483258962631226,1.5560584000385251,2.940493701030696,1.7308160604898215,1.5559822577458418,1.5342803169882107,0.737903892993927,0,29.943387746810913,3614.45556640625,5384704,361.5969922542572,33558528,0.50006103515625
softmax_qkn,softmax,,14000,1.0184694528579712,1.0284366011619568,1.5317839151995865,2.891431482184096,1.7041866567273345,1.5326544242563245,1.5094718770839717,0.6928887367248535,0,29.915636897087097,3614.45556640625,5384704,421.64959692955017,33558528,0.50006103515625
softmax_qkn,softmax,,16000,0.9742964506149292,1.0122246146202087,1.5151259943804103,2.858237886070253,1.6878964786171036,1.5147561219116283,1.4938533222610069,0.7112113833427429,0,29.919129133224487,3614.45556640625,5384704,481.7079417705536,33558528,0.50006103515625
softmax_qkn,softmax,,18000,1.0253725051879883,1.0085211992263794,1.5051796429367115,2.8386001500336002,1.6781857770236621,1.5045163611951888,1.484134247699675,0.6150561571121216,0,29.92730212211609,3614.45556640625,5384704,541.7865936756134,33558528,0.50006103515625
softmax_qkn,softmax,,20000,0.9984561204910278,1.002825140953064,1.5026037134738994,2.8335363564914875,1.6751537459762273,1.5020670473480107,1.4815045422712607,0.609299898147583,0,29.89100170135498,3614.45556640625,5384704,601.7915148735046,33558528,0.50006103515625
smat_d1_qkn_tri,smat,1,2000,2.472933769226074,2.4693223237991333,3.572790725951028,11.89918390582856,3.5780477113902034,3.567576036914954,3.576696455677694,0.5497361421585083,0,39.38522982597351,4654.546875,5384704,79.04832673072815,33558528,0.50006103515625,4096,0,1
smat_d1_qkn_tri,smat,1,4000,2.4428791999816895,2.4019882678985596,3.480147799691035,11.159092487114565,3.465406674848399,3.4652122310865616,3.495059062825278,0.7987244725227356,0,38.6459356546402,4654.546875,5384704,156.61733174324036,33558528,0.50006103515625,4096,0,1
smat_d1_qkn_tri,smat,1,6000,2.3002378940582275,2.3528358936309814,3.4120495488516114,10.644597907323012,3.383486719799709,3.39401767086913,3.4313977957177704,0.6095421314239502,0,38.50391173362732,4654.546875,5384704,233.90288519859314,33558528,0.50006103515625,4096,0,1
smat_d1_qkn_tri,smat,1,8000,2.239272117614746,2.302765369415283,3.3619310426363955,10.281159273249873,3.3051711160098165,3.336619308170462,3.3911738011224104,0.9492524862289429,0,38.50962972640991,4654.546875,5384704,311.19900345802307,33558528,0.50006103515625,4096,0,1
smat_d1_qkn_tri,smat,1,10000,2.2726149559020996,2.2536628246307373,3.3079754098811036,9.903753520025141,3.238763938926096,3.2805834760228336,3.3405947858764646,0.6392825841903687,0,38.49713575839996,4654.546875,5384704,388.4695565700531,33558528,0.50006103515625,4096,0,1
smat_d1_qkn_tri,smat,1,12000,2.2688450813293457,2.2222838401794434,3.261258432763303,9.588189567900761,3.1736831244964696,3.2323958346903203,3.297460119610516,0.5269080996513367,0,38.48725974559784,4654.546875,5384704,465.7196729183197,33558528,0.50006103515625,4096,0,1
smat_d1_qkn_tri,smat,1,14000,2.176764488220215,2.1924428939819336,3.224633278985511,9.34784154331991,3.1249842985785308,3.193854520364786,3.2640208153295194,0.6325672268867493,0,38.49203634262085,4654.546875,5384704,542.9786570072174,33558528,0.50006103515625,4096,0,1
smat_d1_qkn_tri,smat,1,16000,2.1600213050842285,2.1734718084335327,3.201114752062143,9.196690260557999,3.094925177234245,3.16934624525172,3.2421858923747493,0.6777369379997253,0,38.48817157745361,4654.546875,5384704,620.2299394607544,33558528,0.50006103515625,4096,0,1
smat_d1_qkn_tri,smat,1,18000,2.1338534355163574,2.162303328514099,3.1873177809166813,9.109158476374793,3.0797725421791817,3.154828523472077,3.2291890360228983,0.8589563369750977,0,38.4882310628891,4654.546875,5384704,697.4825732707977,33558528,0.50006103515625,4096,0,1
smat_d1_qkn_tri,smat,1,20000,2.175647735595703,2.166740298271179,3.1839351635437643,9.087825691261864,3.076840824382138,3.1512940552781954,3.2258829256713413,0.6448565721511841,0,38.4892578125,4654.546875,5384704,774.7359557151794,33558528,0.50006103515625,4096,0,1
smat_d2_qkn_tri,smat,2,2000,2.4814929962158203,2.4663909673690796,3.575637921812228,11.922690439817625,3.5320473886370523,3.5351660589130534,3.6164996184959035,0.4180201292037964,0,40.40379762649536,4936.60302734375,5384704,81.0857982635498,17031726,0.25379249453544617,4096,67,67
smat_d2_qkn_tri,smat,2,4000,2.3796005249023438,2.358824133872986,3.4257305041160873,10.74601985840752,3.397930752454982,3.4176417283364846,3.4362831518808776,1.0026803016662598,0,39.59216916561127,4936.60302734375,5384704,160.54822707176208,17031726,0.25379249453544617,4096,67,67
smat_d2_qkn_tri,smat,2,6000,2.22693133354187,2.288540840148926,3.334018872993936,10.084159050375092,3.2812422636681555,3.3203257586105246,3.352597424245144,0.5260664224624634,0,39.59977197647095,4936.60302734375,5384704,240.02747297286987,17031726,0.25379249453544617,4096,67,67
smat_d2_qkn_tri,smat,2,8000,2.1356143951416016,2.2111135721206665,3.240981631158747,9.454371998708483,3.1505933701748354,3.227800368589914,3.2638137685294657,0.8830993175506592,0,39.601168751716614,4936.60302734375,5384704,319.5099151134491,17031726,0.25379249453544617,4096,67,67
smat_d2_qkn_tri,smat,2,10000,2.1474106311798096,2.137330412864685,3.138970313682611,8.808951521236095,3.015826718411,3.125606063541904,3.1660569819646827,0.7486968636512756,0,39.60619843006134,4936.60302734375,5384704,399.00106382369995,17031726,0.25379249453544617,4096,67,67
smat_d2_qkn_tri,smat,2,12000,2.115689754486084,2.06999135017395,3.0405504058007318,8.228049115879932,2.9015270700860487,3.026089820439014,3.070581334956571,0.7557332515716553,0,39.6117308139801,4936.60302734375,5384704,478.5034945011139,17031726,0.25379249453544617,4096,67,67
smat_d2_qkn_tri,smat,2,14000,1.995319128036499,2.011934280395508,2.9643347002047102,7.804654134673001,2.8122195540078785,2.948912974289248,2.9968431036553436,1.037019968032837,0,39.616823554039,4936.60302734375,5384704,558.015781879425,17031726,0.25379249453544617,4096,67,67
smat_d2_qkn_tri,smat,2,16000,1.9605529308319092,1.9698737859725952,2.909043720658151,7.511201600919384,2.7597310677600757,2.890870805246232,2.943609103255839,1.1178596019744873,0,39.61149263381958,4936.60302734375,5384704,637.5175487995148,17031726,0.25379249453544617,4096,67,67
smat_d2_qkn_tri,smat,2,18000,1.934746503829956,1.9523630142211914,2.880108889921952,7.362056848097874,2.7321597618197746,2.8608847631392718,2.9154236418695705,1.2141605615615845,0,39.6040176153183,4936.60302734375,5384704,717.0038070678711,17031726,0.25379249453544617,4096,67,67
smat_d2_qkn_tri,smat,2,20000,1.9536237716674805,1.9512315392494202,2.873859549536125,7.330235503398819,2.726150938284111,2.8545557596687727,2.9092139420765606,1.0776987075805664,0,39.607710123062134,4936.60302734375,5384704,796.4973895549774,17031726,0.25379249453544617,4096,67,67
smat_d3_qkn_tri,smat,3,2000,2.4945173263549805,2.477895975112915,3.59643745089245,12.09582654108526,3.5474353874204807,3.552733741783841,3.6408034542964796,0.41992756724357605,0,55.51353347301483,5646.4716796875,5384704,111.426917552948,17768207,0.2647669166326523,4096,17,306
smat_d3_qkn_tri,smat,3,4000,2.39460825920105,2.3710395097732544,3.441646952817908,10.865231080581845,3.4141913759871407,3.431538957041966,3.453923396225702,0.704382598400116,0,55.2041072845459,5646.4716796875,5384704,222.2349545955658,17768207,0.2647669166326523,4096,17,306
smat_d3_qkn_tri,smat,3,6000,2.2475924491882324,2.3076744079589844,3.3546521842485673,10.229418167983464,3.3094337665848634,3.3387748802279336,3.374197127474585,0.48982879519462585,0,55.214802980422974,5646.4716796875,5384704,333.06503438949585,17768207,0.2647669166326523,4096,17,306
smat_d3_qkn_tri,smat,3,8000,2.1794276237487793,2.2436602115631104,3.2797917787660738,9.712157238147354,3.2086673608842498,3.2627391265921553,3.3036034016534805,1.1022835969924927,0,55.33869218826294,5646.4716796875,5384704,444.14340829849243,17768207,0.2647669166326523,4096,17,306
smat_d3_qkn_tri,smat,3,10000,2.1852781772613525,2.174245834350586,3.193490190599223,9.148214482855437,3.08858073151704,3.1757612332118867,3.2221167106984154,0.6301894783973694,0,55.34560835361481,5646.4716796875,5384704,555.2356956005096,17768207,0.2647669166326523,4096,17,306
smat_d3_qkn_tri,smat,3,12000,2.1690402030944824,2.120495080947876,3.1158171126203933,8.668708751344457,2.9940465526975197,3.09646587094789,3.1479707690741923,0.6732292175292969,0,55.298394203186035,5646.4716796875,5384704,666.2327284812927,17768207,0.2647669166326523,4096,17,306
smat_d3_qkn_tri,smat,3,14000,2.0550615787506104,2.071392297744751,3.0507473545017065,8.286410860876249,2.912015387303435,3.028091611315239,3.08791262568965,0.8831504583358765,0,55.21808612346649,5646.4716796875,5384704,777.0689644813538,17768207,0.2647669166326523,4096,17,306
smat_d3_qkn_tri,smat,3,16000,2.024162769317627,2.034414529800415,3.0048472168590776,8.026923882164736,2.867799033700357,2.9801001766115345,3.0436318999705185,0.9916583299636841,0,55.21991145610809,5646.4716796875,5384704,887.9087171554565,17768207,0.2647669166326523,4096,17,306
smat_d3_qkn_tri,smat,3,18000,1.9958877563476562,2.0196653604507446,2.9816635015325055,7.898964298839796,2.843646921825571,2.95628290326229,3.0211235974823105,1.0196441411972046,0,55.219311594963074,5646.4716796875,5384704,998.7474408149719,17768207,0.2647669166326523,4096,17,306
smat_d3_qkn_tri,smat,3,20000,2.027679443359375,2.020431160926819,2.976492799096354,7.870704626513534,2.8379912304477584,2.9511927667032927,3.0159430235213573,0.9064697623252869,0,55.21175301074982,5646.4716796875,5384704,1109.5713970661163,17768207,0.2647669166326523,4096,17,306
