run,arm,d,n_pairs,n_queries,n_keys,step,train_loss,acc,nll,noise_share,ms_per_step,elapsed_s,d_model,heads,r,n_P,seed,state_per_head,params
smat_d1_T256_p4_zoo_dm16_s0_decaymamba2_lr3e-3,smat,1,4,64,2048,500,8.3467378616333,0.00048828125,8.324863016605377,0.394 0.479,21.243465900421143,10.900355577468872,16,1,64,0,0,1088,273060
smat_d1_T256_p4_zoo_dm16_s0_decaymamba2_lr3e-3,smat,1,4,64,2048,1000,8.168912887573242,0.0,8.151165157556534,0.302 0.553,20.399749279022217,21.362332105636597,16,1,64,0,0,1088,273060
smat_d1_T256_p4_zoo_dm16_s0_decaymamba2_lr3e-3,smat,1,4,64,2048,1500,8.058496475219727,0.00146484375,8.063588991761208,0.211 0.495,20.60877799987793,31.928101778030396,16,1,64,0,0,1088,273060
smat_d1_T256_p4_zoo_dm16_s0_decaymamba2_lr3e-3,smat,1,4,64,2048,2000,8.076089859008789,0.00146484375,8.02619680762291,0.193 0.490,20.781723499298096,42.584261417388916,16,1,64,0,0,1088,273060
smat_d1_T256_p4_zoo_dm16_s0_decaymamba2_lr3e-3,smat,1,4,64,2048,2500,8.016167640686035,0.0,8.044737324118614,0.238 0.555,20.5229229927063,53.104753494262695,16,1,64,0,0,1088,273060
smat_d1_T256_p4_zoo_dm16_s0_decaymamba2_lr3e-3,smat,1,4,64,2048,3000,7.926319599151611,0.00244140625,7.9417843371629715,0.168 0.503,20.61580991744995,63.624271869659424,16,1,64,0,0,1088,273060
smat_d1_T256_p4_zoo_dm16_s0_decaymamba2_lr3e-3,smat,1,4,64,2048,3500,7.925134181976318,0.0029296875,7.939646497368813,0.206 0.584,20.614807605743408,74.19184899330139,16,1,64,0,0,1088,273060
smat_d1_T256_p4_zoo_dm16_s0_decaymamba2_lr3e-3,smat,1,4,64,2048,4000,7.9450836181640625,0.00244140625,7.935150608420372,0.189 0.495,20.74677324295044,84.83159804344177,16,1,64,0,0,1088,273060
smat_d1_T256_p4_zoo_dm16_s0_decaymamba2_lr1e-2,smat,1,4,64,2048,500,8.357605934143066,0.0,8.349076241254807,0.488 0.491,21.847970008850098,11.211790323257446,16,1,64,0,0,1088,273060
smat_d1_T256_p4_zoo_dm16_s0_decaymamba2_lr1e-2,smat,1,4,64,2048,1000,8.161187171936035,0.0009765625,8.140029400587082,0.252 0.559,21.300194263458252,22.133841276168823,16,1,64,0,0,1088,273060
smat_d1_T256_p4_zoo_dm16_s0_decaymamba2_lr1e-2,smat,1,4,64,2048,1500,8.037275314331055,0.00146484375,8.018707305192947,0.112 0.494,21.465096473693848,33.130699634552,16,1,64,0,0,1088,273060
smat_d1_T256_p4_zoo_dm16_s0_decaymamba2_lr1e-2,smat,1,4,64,2048,2000,7.959410190582275,0.0029296875,7.9480957090854645,0.081 0.492,21.497509479522705,44.153595209121704,16,1,64,0,0,1088,273060
smat_d1_T256_p4_zoo_dm16_s0_decaymamba2_lr1e-2,smat,1,4,64,2048,2500,7.922220230102539,0.00244140625,7.86231105029583,0.120 0.550,21.595402240753174,55.22196698188782,16,1,64,0,0,1088,273060
smat_d1_T256_p4_zoo_dm16_s0_decaymamba2_lr1e-2,smat,1,4,64,2048,3000,7.853281497955322,0.00146484375,7.823428884148598,0.100 0.502,21.74351930618286,66.35624575614929,16,1,64,0,0,1088,273060
smat_d1_T256_p4_zoo_dm16_s0_decaymamba2_lr1e-2,smat,1,4,64,2048,3500,7.719997882843018,0.001953125,7.817169219255447,0.139 0.579,21.807027339935303,77.52840185165405,16,1,64,0,0,1088,273060
smat_d1_T256_p4_zoo_dm16_s0_decaymamba2_lr1e-2,smat,1,4,64,2048,4000,7.85987663269043,0.00341796875,7.807303205132484,0.127 0.491,21.659839630126953,88.63498210906982,16,1,64,0,0,1088,273060
smat_d1_T256_p4_zoo_dm16_s0_decaymamba2_lr3e-3_noqkn,smat,1,4,64,2048,500,8.3515043258667,0.0,8.346228003501892,0.487 0.492,20.48512029647827,10.52513074874878,16,1,64,0,0,1088,272932
smat_d1_T256_p4_zoo_dm16_s0_decaymamba2_lr3e-3_noqkn,smat,1,4,64,2048,1000,8.203887939453125,0.0009765625,8.151149451732635,0.237 0.560,20.120415210723877,20.852195978164673,16,1,64,0,0,1088,272932
smat_d1_T256_p4_zoo_dm16_s0_decaymamba2_lr3e-3_noqkn,smat,1,4,64,2048,1500,8.078797340393066,0.0009765625,8.079570829868317,0.143 0.494,20.31839370727539,31.283109664916992,16,1,64,0,0,1088,272932
smat_d1_T256_p4_zoo_dm16_s0_decaymamba2_lr3e-3_noqkn,smat,1,4,64,2048,2000,7.985675811767578,0.00146484375,8.057447001338005,0.128 0.496,20.368033409118652,41.732839822769165,16,1,64,0,0,1088,272932
smat_d1_T256_p4_zoo_dm16_s0_decaymamba2_lr3e-3_noqkn,smat,1,4,64,2048,2500,7.955400466918945,0.001953125,7.999126359820366,0.165 0.557,20.54742193222046,52.28087592124939,16,1,64,0,0,1088,272932
smat_d1_T256_p4_zoo_dm16_s0_decaymamba2_lr3e-3_noqkn,smat,1,4,64,2048,3000,7.924426078796387,0.00146484375,7.943839535117149,0.114 0.505,20.39935541152954,62.74734401702881,16,1,64,0,0,1088,272932
smat_d1_T256_p4_zoo_dm16_s0_decaymamba2_lr3e-3_noqkn,smat,1,4,64,2048,3500,7.933594226837158,0.00048828125,7.9441578686237335,0.161 0.581,20.349486827850342,73.19709467887878,16,1,64,0,0,1088,272932
smat_d1_T256_p4_zoo_dm16_s0_decaymamba2_lr3e-3_noqkn,smat,1,4,64,2048,4000,7.941396713256836,0.001953125,7.93539921939373,0.145 0.493,20.358861923217773,83.6359646320343,16,1,64,0,0,1088,272932
smat_d1_T256_p4_zoo_dm16_s0_decaymamba2_lr3e-3_dt.1-1,smat,1,4,64,2048,500,8.351214408874512,0.0,8.34607082605362,0.492 0.492,21.562556743621826,11.06246304512024,16,1,64,0,0,1088,273060
smat_d1_T256_p4_zoo_dm16_s0_decaymamba2_lr3e-3_dt.1-1,smat,1,4,64,2048,1000,8.246726989746094,0.00146484375,8.247638165950775,0.455 0.523,21.709569931030273,22.19469976425171,16,1,64,0,0,1088,273060
smat_d1_T256_p4_zoo_dm16_s0_decaymamba2_lr3e-3_dt.1-1,smat,1,4,64,2048,1500,8.078643798828125,0.00146484375,8.09569850564003,0.354 0.473,21.79789400100708,33.36540937423706,16,1,64,0,0,1088,273060
smat_d1_T256_p4_zoo_dm16_s0_decaymamba2_lr3e-3_dt.1-1,smat,1,4,64,2048,2000,8.057926177978516,0.0009765625,8.03365245461464,0.327 0.480,22.799607276916504,45.032052516937256,16,1,64,0,0,1088,273060
smat_d1_T256_p4_zoo_dm16_s0_decaymamba2_lr3e-3_dt.1-1,smat,1,4,64,2048,2500,8.036734580993652,0.00146484375,8.015019029378891,0.491 0.548,21.33723545074463,55.97562503814697,16,1,64,0,0,1088,273060
smat_d1_T256_p4_zoo_dm16_s0_decaymamba2_lr3e-3_dt.1-1,smat,1,4,64,2048,3000,7.913634300231934,0.0029296875,7.8726296573877335,0.458 0.504,22.311614513397217,67.41077852249146,16,1,64,0,0,1088,273060
smat_d1_T256_p4_zoo_dm16_s0_decaymamba2_lr3e-3_dt.1-1,smat,1,4,64,2048,3500,7.8731369972229,0.00439453125,7.841243132948875,0.541 0.582,21.57961368560791,78.46316003799438,16,1,64,0,0,1088,273060
smat_d1_T256_p4_zoo_dm16_s0_decaymamba2_lr3e-3_dt.1-1,smat,1,4,64,2048,4000,7.821657180786133,0.00439453125,7.807218760251999,0.437 0.493,21.2622013092041,89.37741279602051,16,1,64,0,0,1088,273060
smat_d1_T256_p4_zoo_dm32_s0_decaymamba2_dm32,smat,1,4,64,2048,500,8.308490753173828,0.0,8.307704985141754,0.379 0.492,22.16870927810669,11.390759706497192,32,2,64,0,0,1088,558344
smat_d1_T256_p4_zoo_dm32_s0_decaymamba2_dm32,smat,1,4,64,2048,1000,7.92582368850708,0.0029296875,7.917579263448715,0.347 0.566,21.62182855606079,22.488078355789185,32,2,64,0,0,1088,558344
smat_d1_T256_p4_zoo_dm32_s0_decaymamba2_dm32,smat,1,4,64,2048,1500,7.670815944671631,0.00830078125,7.670876130461693,0.240 0.499,22.068857669830322,33.8330659866333,32,2,64,0,0,1088,558344
smat_d1_T256_p4_zoo_dm32_s0_decaymamba2_dm32,smat,1,4,64,2048,2000,7.522247791290283,0.0107421875,7.530400589108467,0.207 0.494,21.78193187713623,45.0014762878418,32,2,64,0,0,1088,558344
smat_d1_T256_p4_zoo_dm32_s0_decaymamba2_dm32,smat,1,4,64,2048,2500,7.303439140319824,0.01611328125,7.388397708535194,0.249 0.555,22.684663772583008,56.560449838638306,32,2,64,0,0,1088,558344
smat_d1_T256_p4_zoo_dm32_s0_decaymamba2_dm32,smat,1,4,64,2048,3000,7.36485481262207,0.01318359375,7.316255643963814,0.188 0.512,22.644991397857666,68.17278122901917,32,2,64,0,0,1088,558344
smat_d1_T256_p4_zoo_dm32_s0_decaymamba2_dm32,smat,1,4,64,2048,3500,7.287383556365967,0.01611328125,7.298537969589233,0.225 0.581,21.856083393096924,79.3676404953003,32,2,64,0,0,1088,558344
smat_d1_T256_p4_zoo_dm32_s0_decaymamba2_dm32,smat,1,4,64,2048,4000,7.268885612487793,0.0185546875,7.280269160866737,0.202 0.498,22.814437866210938,91.06469345092773,32,2,64,0,0,1088,558344
smat_d1_T256_p4_zoo_dm32_s0_decaymamba2_dm32_lr3e-3,smat,1,4,64,2048,500,8.354654312133789,0.0,8.345889657735825,0.485 0.488,22.066750049591064,11.314537286758423,32,2,64,0,0,1088,558344
smat_d1_T256_p4_zoo_dm32_s0_decaymamba2_dm32_lr3e-3,smat,1,4,64,2048,1000,8.14549446105957,0.0009765625,8.119996756315231,0.394 0.576,21.39251708984375,22.269899368286133,32,2,64,0,0,1088,558344
smat_d1_T256_p4_zoo_dm32_s0_decaymamba2_dm32_lr3e-3,smat,1,4,64,2048,1500,7.941371917724609,0.00244140625,7.940968155860901,0.259 0.498,21.86199712753296,33.47277498245239,32,2,64,0,0,1088,558344
smat_d1_T256_p4_zoo_dm32_s0_decaymamba2_dm32_lr3e-3,smat,1,4,64,2048,2000,7.84548807144165,0.001953125,7.838422656059265,0.204 0.495,23.021623134613037,45.27472925186157,32,2,64,0,0,1088,558344
smat_d1_T256_p4_zoo_dm32_s0_decaymamba2_dm32_lr3e-3,smat,1,4,64,2048,2500,7.701719284057617,0.005859375,7.742483139038086,0.237 0.553,21.511995792388916,56.29888558387756,32,2,64,0,0,1088,558344
smat_d1_T256_p4_zoo_dm32_s0_decaymamba2_dm32_lr3e-3,smat,1,4,64,2048,3000,7.601052284240723,0.0078125,7.591659665107727,0.181 0.507,21.3424391746521,67.23338460922241,32,2,64,0,0,1088,558344
smat_d1_T256_p4_zoo_dm32_s0_decaymamba2_dm32_lr3e-3,smat,1,4,64,2048,3500,7.494489669799805,0.0126953125,7.512306481599808,0.218 0.586,21.206292152404785,78.099130153656,32,2,64,0,0,1088,558344
smat_d1_T256_p4_zoo_dm32_s0_decaymamba2_dm32_lr3e-3,smat,1,4,64,2048,4000,7.406174659729004,0.015625,7.462791070342064,0.192 0.495,21.176520347595215,88.95418810844421,32,2,64,0,0,1088,558344
smat_d1_T256_p4_zoo_dm64_s0_decaymamba2_dm64,smat,1,4,64,2048,500,8.350090980529785,0.0,8.338769614696503,0.438 0.499,23.897179126739502,12.23269009590149,64,4,64,0,0,1088,1165968
smat_d1_T256_p4_zoo_dm64_s0_decaymamba2_dm64,smat,1,4,64,2048,1000,7.971335411071777,0.001953125,7.937334269285202,0.377 0.568,23.571395874023438,24.289011240005493,64,4,64,0,0,1088,1165968
smat_d1_T256_p4_zoo_dm64_s0_decaymamba2_dm64,smat,1,4,64,2048,1500,7.59689998626709,0.0078125,7.612290591001511,0.245 0.496,23.433167934417725,36.27213907241821,64,4,64,0,0,1088,1165968
smat_d1_T256_p4_zoo_dm64_s0_decaymamba2_dm64,smat,1,4,64,2048,2000,7.277958869934082,0.01416015625,7.29694901406765,0.203 0.496,23.2830548286438,48.19588756561279,64,4,64,0,0,1088,1165968
smat_d1_T256_p4_zoo_dm64_s0_decaymamba2_dm64,smat,1,4,64,2048,2500,7.041576862335205,0.029296875,7.075939357280731,0.241 0.556,23.320253372192383,60.07051610946655,64,4,64,0,0,1088,1165968
smat_d1_T256_p4_zoo_dm64_s0_decaymamba2_dm64,smat,1,4,64,2048,3000,6.892027378082275,0.04150390625,6.8884910345077515,0.173 0.503,22.176214694976807,71.4501383304596,64,4,64,0,0,1088,1165968
