accuracy,binding_gap_pp,complete,d,elapsed_seconds,eval_loss,exact_accuracy,family,last_value_accuracy,load,majority_value_accuracy,other_entity_value_accuracy,parameters,query_blind_oracle_accuracy,seed,sequence_length,stage,steps,task,test_sha256,trainable_parameters,validation_sha256,width
0.89111328125,,True,1,34.12923346599564,0.4245791519060731,0.609375,gdn,0.2958984375,4,0.21826171875,,20200,0.334228515625,123,64,compact1000,1000,state,fadd715c76b70b85199e961884c49e83479c459e872bf843310502a72907e8e9,20200,3996de5b481b17d67c116610e4b40fcb33ce8c9f1b93b915b130f1d11dfdd1e0,32
0.061767578125,,True,3,45.16920298000332,2.7765191793441772,0.0,gdn,0.2958984375,4,0.21826171875,,27640,0.334228515625,123,64,compact1000,1000,state,fadd715c76b70b85199e961884c49e83479c459e872bf843310502a72907e8e9,26872,3996de5b481b17d67c116610e4b40fcb33ce8c9f1b93b915b130f1d11dfdd1e0,32
0.067138671875,,True,1,42.790542983973864,2.775099866092205,0.0,mamba2,0.2958984375,4,0.21826171875,,24856,0.334228515625,123,64,compact1000,1000,state,fadd715c76b70b85199e961884c49e83479c459e872bf843310502a72907e8e9,24856,3996de5b481b17d67c116610e4b40fcb33ce8c9f1b93b915b130f1d11dfdd1e0,32
0.057861328125,,True,3,33.22305251902435,2.775243431329727,0.0,mamba2,0.2958984375,4,0.21826171875,,35392,0.334228515625,123,64,compact1000,1000,state,fadd715c76b70b85199e961884c49e83479c459e872bf843310502a72907e8e9,33856,3996de5b481b17d67c116610e4b40fcb33ce8c9f1b93b915b130f1d11dfdd1e0,32
0.360595703125,,True,1,33.82614908297546,2.1053154468536377,0.015625,gdn,0.1826171875,8,0.158447265625,,20200,0.257080078125,123,128,compact1000,1000,state,de4ae1602d02b577495a2cffe6dde738d11832c8142b7f72fa650bc93e75de68,20200,800371aa01cf52af332657f1b76a2a9142549594a06a2763238e5e3a5bfb8758,32
0.06005859375,,True,3,47.15907877800055,2.775767460465431,0.0,gdn,0.1826171875,8,0.158447265625,,27640,0.257080078125,123,128,compact1000,1000,state,de4ae1602d02b577495a2cffe6dde738d11832c8142b7f72fa650bc93e75de68,26872,800371aa01cf52af332657f1b76a2a9142549594a06a2763238e5e3a5bfb8758,32
0.082763671875,,True,1,12.928145213983953,2.7425142899155617,0.0,mamba2,0.1826171875,8,0.158447265625,,24856,0.257080078125,123,128,compact1000,1000,state,de4ae1602d02b577495a2cffe6dde738d11832c8142b7f72fa650bc93e75de68,24856,800371aa01cf52af332657f1b76a2a9142549594a06a2763238e5e3a5bfb8758,32
0.061767578125,,True,3,34.044548254983965,2.774928033351898,0.0,mamba2,0.1826171875,8,0.158447265625,,35392,0.257080078125,123,128,compact1000,1000,state,de4ae1602d02b577495a2cffe6dde738d11832c8142b7f72fa650bc93e75de68,33856,800371aa01cf52af332657f1b76a2a9142549594a06a2763238e5e3a5bfb8758,32
0.1689453125,,True,1,17.86667168798158,2.259354315698147,0.1689453125,gdn,0.5283203125,2,0.5498046875,,28392,0.5498046875,123,64,compact1000,1000,variable,cd180cd0044aeed01dd20e472fe83bf85d7f2d6123b44dcbb1923be000942ffb,28392,533d98c81dfcc9595f03537db761332610d88bf82af5246cd92aea55accdd2f7,32
0.11328125,,True,3,44.81197899096878,2.447933368384838,0.11328125,gdn,0.5283203125,2,0.5498046875,,35832,0.5498046875,123,64,compact1000,1000,variable,cd180cd0044aeed01dd20e472fe83bf85d7f2d6123b44dcbb1923be000942ffb,35064,533d98c81dfcc9595f03537db761332610d88bf82af5246cd92aea55accdd2f7,32
0.4443359375,,True,1,28.603464687010273,1.3206062391400337,0.4443359375,mamba2,0.5283203125,2,0.5498046875,,33048,0.5498046875,123,64,compact1000,1000,variable,cd180cd0044aeed01dd20e472fe83bf85d7f2d6123b44dcbb1923be000942ffb,33048,533d98c81dfcc9595f03537db761332610d88bf82af5246cd92aea55accdd2f7,32
0.0751953125,,True,3,33.27023557299981,2.777964226901531,0.0751953125,mamba2,0.5283203125,2,0.5498046875,,43584,0.5498046875,123,64,compact1000,1000,variable,cd180cd0044aeed01dd20e472fe83bf85d7f2d6123b44dcbb1923be000942ffb,42048,533d98c81dfcc9595f03537db761332610d88bf82af5246cd92aea55accdd2f7,32
0.0634765625,,True,1,16.672081567987334,2.779286600649357,0.0634765625,gdn,0.30078125,4,0.3515625,,28392,0.3515625,123,64,compact1000,1000,variable,415c9e7869cda1c0ec8b0cdec901f4ac3421ee72160cbb9568960f5bd49b5b4e,28392,ec6308a2fe8903b15b600afd9f5afbf69a35077ca8230c724b0e083a66ebebe0,32
0.064453125,,True,3,45.40743596496759,2.7808661609888077,0.064453125,gdn,0.30078125,4,0.3515625,,35832,0.3515625,123,64,compact1000,1000,variable,415c9e7869cda1c0ec8b0cdec901f4ac3421ee72160cbb9568960f5bd49b5b4e,35064,ec6308a2fe8903b15b600afd9f5afbf69a35077ca8230c724b0e083a66ebebe0,32
0.0634765625,,True,1,12.298906443000305,2.7778906896710396,0.0634765625,mamba2,0.30078125,4,0.3515625,,33048,0.3515625,123,64,compact1000,1000,variable,415c9e7869cda1c0ec8b0cdec901f4ac3421ee72160cbb9568960f5bd49b5b4e,33048,ec6308a2fe8903b15b600afd9f5afbf69a35077ca8230c724b0e083a66ebebe0,32
0.0634765625,,True,3,33.50777934398502,2.7775795236229897,0.0634765625,mamba2,0.30078125,4,0.3515625,,43584,0.3515625,123,64,compact1000,1000,variable,415c9e7869cda1c0ec8b0cdec901f4ac3421ee72160cbb9568960f5bd49b5b4e,42048,ec6308a2fe8903b15b600afd9f5afbf69a35077ca8230c724b0e083a66ebebe0,32
0.0631103515625,0.04882812500000058,True,1,27.678088787943125,2.77646679058671,0.0,gdn,0.07135009765625,128,0.08453369140625,0.0626220703125,39592,0.102783203125,123,832,main500,500,state,de8abd29de865dce0fb9377ce27ed5c10df1fb07bd9d72409bfc9e3163eea311,39592,7f5afd8942c0e10779693bb24545c3c7b5d3e1508d158b3d8ca4724556e2abd2,64
0.06451416015625,0.3479003906250005,True,2,39.10327777871862,2.7786574754863977,0.0,gdn,0.07135009765625,128,0.08453369140625,0.06103515624999999,50708,0.102783203125,123,832,main500,500,state,de8abd29de865dce0fb9377ce27ed5c10df1fb07bd9d72409bfc9e3163eea311,50708,7f5afd8942c0e10779693bb24545c3c7b5d3e1508d158b3d8ca4724556e2abd2,64
0.06280517578125,0.0895182291666672,True,3,33.09738618507981,2.7777434457093477,0.0,gdn,0.07135009765625,128,0.08453369140625,0.06190999348958333,82384,0.102783203125,123,832,main500,500,state,de8abd29de865dce0fb9377ce27ed5c10df1fb07bd9d72409bfc9e3163eea311,79312,7f5afd8942c0e10779693bb24545c3c7b5d3e1508d158b3d8ca4724556e2abd2,64
0.060791015625,-0.14241536458333273,True,4,42.258633540943265,2.7773187328130007,0.0,gdn,0.07135009765625,128,0.08453369140625,0.06221516927083333,93492,0.102783203125,123,832,main500,500,state,de8abd29de865dce0fb9377ce27ed5c10df1fb07bd9d72409bfc9e3163eea311,85556,7f5afd8942c0e10779693bb24545c3c7b5d3e1508d158b3d8ca4724556e2abd2,64
0.0606689453125,-0.16479492187499944,True,1,12.795379023998976,2.7767250668257475,0.0,gdn_current,0.07135009765625,128,0.08453369140625,0.06231689453124999,39592,0.102783203125,123,832,main500,500,state,de8abd29de865dce0fb9377ce27ed5c10df1fb07bd9d72409bfc9e3163eea311,39592,7f5afd8942c0e10779693bb24545c3c7b5d3e1508d158b3d8ca4724556e2abd2,64
0.06011962890625,-0.1688639322916661,True,2,30.990134799969383,2.7767543718218803,0.0,gdn_current,0.07135009765625,128,0.08453369140625,0.06180826822916666,50708,0.102783203125,123,832,main500,500,state,de8abd29de865dce0fb9377ce27ed5c10df1fb07bd9d72409bfc9e3163eea311,46612,7f5afd8942c0e10779693bb24545c3c7b5d3e1508d158b3d8ca4724556e2abd2,64
0.0670166015625,0.4394531250000005,True,3,36.556255295989104,2.7777877505868673,0.0,gdn_current,0.07135009765625,128,0.08453369140625,0.0626220703125,82384,0.102783203125,123,832,main500,500,state,de8abd29de865dce0fb9377ce27ed5c10df1fb07bd9d72409bfc9e3163eea311,75216,7f5afd8942c0e10779693bb24545c3c7b5d3e1508d158b3d8ca4724556e2abd2,64
0.06195068359375,0.02034505208333387,True,4,43.44012807193212,2.7765727415680885,0.0,gdn_current,0.07135009765625,128,0.08453369140625,0.061747233072916664,93492,0.102783203125,123,832,main500,500,state,de8abd29de865dce0fb9377ce27ed5c10df1fb07bd9d72409bfc9e3163eea311,81460,7f5afd8942c0e10779693bb24545c3c7b5d3e1508d158b3d8ca4724556e2abd2,64
0.06134033203125,-0.04882812499999946,True,1,10.495739694219083,2.775250405073166,0.0,mamba2,0.07135009765625,128,0.08453369140625,0.06182861328124999,74480,0.102783203125,123,832,main500,500,state,de8abd29de865dce0fb9377ce27ed5c10df1fb07bd9d72409bfc9e3163eea311,74480,7f5afd8942c0e10779693bb24545c3c7b5d3e1508d158b3d8ca4724556e2abd2,64
0.06201171875,-0.0528971354166661,True,2,28.536341740749776,2.7757538091391325,0.000244140625,mamba2,0.07135009765625,128,0.08453369140625,0.06254069010416666,101552,0.102783203125,123,832,main500,500,state,de8abd29de865dce0fb9377ce27ed5c10df1fb07bd9d72409bfc9e3163eea311,101552,7f5afd8942c0e10779693bb24545c3c7b5d3e1508d158b3d8ca4724556e2abd2,64
0.06134033203125,-0.07527669270833279,True,3,26.558237390127033,2.7755729872733355,0.0,mamba2,0.07135009765625,128,0.08453369140625,0.06209309895833333,228256,0.102783203125,123,832,main500,500,state,de8abd29de865dce0fb9377ce27ed5c10df1fb07bd9d72409bfc9e3163eea311,215968,7f5afd8942c0e10779693bb24545c3c7b5d3e1508d158b3d8ca4724556e2abd2,64
0.0618896484375,0.010172526041667225,True,4,31.960527575109154,2.7754306085407734,0.0,mamba2,0.07135009765625,128,0.08453369140625,0.06178792317708333,272688,0.102783203125,123,832,main500,500,state,de8abd29de865dce0fb9377ce27ed5c10df1fb07bd9d72409bfc9e3163eea311,240944,7f5afd8942c0e10779693bb24545c3c7b5d3e1508d158b3d8ca4724556e2abd2,64
0.08184814453125,0.15665690104166743,True,1,11.49823634326458,2.761980950832367,0.0,gdn,0.12225341796875,16,0.1298828125,0.08028157552083331,39592,0.19189453125,123,256,main500,500,state,54eebd2a93c4ce250e93782c464cd1cf3b111bd55efff340b8a4efecb4cb5f92,39592,819d9d8363c630f8f835e5d28c1ca8c43f09cfe0ceebab4404462f052302f162,64
0.06195068359375,-0.20548502604166607,True,2,35.469392613042146,2.7774132285267115,0.0,gdn,0.12225341796875,16,0.1298828125,0.06400553385416666,48108,0.19189453125,123,256,main500,500,state,54eebd2a93c4ce250e93782c464cd1cf3b111bd55efff340b8a4efecb4cb5f92,48108,819d9d8363c630f8f835e5d28c1ca8c43f09cfe0ceebab4404462f052302f162,64
0.06207275390625,-0.18107096354166613,True,3,29.419262434821576,2.776712281629443,0.0,gdn,0.12225341796875,16,0.1298828125,0.06388346354166666,61600,0.19189453125,123,256,main500,500,state,54eebd2a93c4ce250e93782c464cd1cf3b111bd55efff340b8a4efecb4cb5f92,59552,819d9d8363c630f8f835e5d28c1ca8c43f09cfe0ceebab4404462f052302f162,64
0.06378173828125,0.018310546875000548,True,4,37.787690269295126,2.7770514227449894,0.0,gdn,0.12225341796875,16,0.1298828125,0.0635986328125,93492,0.19189453125,123,256,main500,500,state,54eebd2a93c4ce250e93782c464cd1cf3b111bd55efff340b8a4efecb4cb5f92,85556,819d9d8363c630f8f835e5d28c1ca8c43f09cfe0ceebab4404462f052302f162,64
0.06829833984375,-0.014241536458332746,True,1,15.615715011022985,2.7745152469724417,0.0,gdn_current,0.12225341796875,16,0.1298828125,0.06844075520833333,39592,0.19189453125,123,256,main500,500,state,54eebd2a93c4ce250e93782c464cd1cf3b111bd55efff340b8a4efecb4cb5f92,39592,819d9d8363c630f8f835e5d28c1ca8c43f09cfe0ceebab4404462f052302f162,64
0.0655517578125,0.2115885416666672,True,2,28.15194302191958,2.776176195591688,0.0,gdn_current,0.12225341796875,16,0.1298828125,0.06343587239583333,48108,0.19189453125,123,256,main500,500,state,54eebd2a93c4ce250e93782c464cd1cf3b111bd55efff340b8a4efecb4cb5f92,44012,819d9d8363c630f8f835e5d28c1ca8c43f09cfe0ceebab4404462f052302f162,64
0.06317138671875,-0.11596679687499947,True,3,40.79394941101782,2.775957817211747,0.0,gdn_current,0.12225341796875,16,0.1298828125,0.0643310546875,61600,0.19189453125,123,256,main500,500,state,54eebd2a93c4ce250e93782c464cd1cf3b111bd55efff340b8a4efecb4cb5f92,55456,819d9d8363c630f8f835e5d28c1ca8c43f09cfe0ceebab4404462f052302f162,64
0.06463623046875,0.1708984375000006,True,4,34.09684492391534,2.7771114725619555,0.0,gdn_current,0.12225341796875,16,0.1298828125,0.06292724609375,93492,0.19189453125,123,256,main500,500,state,54eebd2a93c4ce250e93782c464cd1cf3b111bd55efff340b8a4efecb4cb5f92,81460,819d9d8363c630f8f835e5d28c1ca8c43f09cfe0ceebab4404462f052302f162,64
0.0634765625,0.08544921875000057,True,1,23.989485716912895,2.7750263419002295,0.0,mamba2,0.12225341796875,16,0.1298828125,0.0626220703125,74480,0.19189453125,123,256,main500,500,state,54eebd2a93c4ce250e93782c464cd1cf3b111bd55efff340b8a4efecb4cb5f92,74480,819d9d8363c630f8f835e5d28c1ca8c43f09cfe0ceebab4404462f052302f162,64
0.06085205078125,-0.20548502604166607,True,2,24.811998979188502,2.7753274515271187,0.0,mamba2,0.12225341796875,16,0.1298828125,0.06290690104166666,91152,0.19189453125,123,256,main500,500,state,54eebd2a93c4ce250e93782c464cd1cf3b111bd55efff340b8a4efecb4cb5f92,91152,819d9d8363c630f8f835e5d28c1ca8c43f09cfe0ceebab4404462f052302f162,64
0.06256103515625,0.03458658854166721,True,3,20.573583302088082,2.77497392706573,0.0,mamba2,0.12225341796875,16,0.1298828125,0.06221516927083333,145120,0.19189453125,123,256,main500,500,state,54eebd2a93c4ce250e93782c464cd1cf3b111bd55efff340b8a4efecb4cb5f92,136928,819d9d8363c630f8f835e5d28c1ca8c43f09cfe0ceebab4404462f052302f162,64
0.06396484375,0.059000651041667226,True,4,28.28532579075545,2.775114856660366,0.0,mamba2,0.12225341796875,16,0.1298828125,0.06337483723958333,272688,0.19189453125,123,256,main500,500,state,54eebd2a93c4ce250e93782c464cd1cf3b111bd55efff340b8a4efecb4cb5f92,240944,819d9d8363c630f8f835e5d28c1ca8c43f09cfe0ceebab4404462f052302f162,64
0.0614013671875,-0.004069010416666127,True,1,12.979001699015498,2.7780799344182014,0.0,gdn,0.09234619140625,32,0.10943603515625,0.061442057291666664,39592,0.14947509765625,123,256,main500,500,state,015d623b80dd1d8191dfc58b21ba32be6d020f3fe1977a73b857d2fabba3d536,39592,8222e0a7de0882e921136491066ccccc7ece80103bd90df2d65d648e4703fef4,64
0.06256103515625,0.13427734375000056,True,2,33.021746098063886,2.779533989727497,0.0,gdn,0.09234619140625,32,0.10943603515625,0.06121826171874999,48108,0.14947509765625,123,256,main500,500,state,015d623b80dd1d8191dfc58b21ba32be6d020f3fe1977a73b857d2fabba3d536,48108,8222e0a7de0882e921136491066ccccc7ece80103bd90df2d65d648e4703fef4,64
0.06201171875,0.09562174479166721,True,3,28.937028672080487,2.778646333143115,0.0,gdn,0.09234619140625,32,0.10943603515625,0.06105550130208333,61600,0.14947509765625,123,256,main500,500,state,015d623b80dd1d8191dfc58b21ba32be6d020f3fe1977a73b857d2fabba3d536,59552,8222e0a7de0882e921136491066ccccc7ece80103bd90df2d65d648e4703fef4,64
0.0609130859375,-0.1302083333333328,True,4,37.79262247122824,2.7787824366241693,0.0,gdn,0.09234619140625,32,0.10943603515625,0.06221516927083333,93492,0.14947509765625,123,256,main500,500,state,015d623b80dd1d8191dfc58b21ba32be6d020f3fe1977a73b857d2fabba3d536,85556,8222e0a7de0882e921136491066ccccc7ece80103bd90df2d65d648e4703fef4,64
0.0625,-0.0020345052083327623,True,1,15.37219281308353,2.77748997323215,0.0,gdn_current,0.09234619140625,32,0.10943603515625,0.06252034505208333,39592,0.14947509765625,123,256,main500,500,state,015d623b80dd1d8191dfc58b21ba32be6d020f3fe1977a73b857d2fabba3d536,39592,8222e0a7de0882e921136491066ccccc7ece80103bd90df2d65d648e4703fef4,64
0.06268310546875,0.12207031250000054,True,2,30.410752212977968,2.77709904499352,0.0,gdn_current,0.09234619140625,32,0.10943603515625,0.06146240234375,48108,0.14947509765625,123,256,main500,500,state,015d623b80dd1d8191dfc58b21ba32be6d020f3fe1977a73b857d2fabba3d536,44012,8222e0a7de0882e921136491066ccccc7ece80103bd90df2d65d648e4703fef4,64
0.06146240234375,0.006103515625000531,True,3,37.73064512596466,2.77737857401371,0.0,gdn_current,0.09234619140625,32,0.10943603515625,0.0614013671875,61600,0.14947509765625,123,256,main500,500,state,015d623b80dd1d8191dfc58b21ba32be6d020f3fe1977a73b857d2fabba3d536,55456,8222e0a7de0882e921136491066ccccc7ece80103bd90df2d65d648e4703fef4,64
0.080810546875,0.404866536458334,True,4,38.80776504194364,2.7675982750952244,0.0,gdn_current,0.09234619140625,32,0.10943603515625,0.07676188151041666,93492,0.14947509765625,123,256,main500,500,state,015d623b80dd1d8191dfc58b21ba32be6d020f3fe1977a73b857d2fabba3d536,81460,8222e0a7de0882e921136491066ccccc7ece80103bd90df2d65d648e4703fef4,64
0.06085205078125,-0.050862630208332774,True,1,8.4304706659168,2.77625167183578,0.0,mamba2,0.09234619140625,32,0.10943603515625,0.06136067708333333,74480,0.14947509765625,123,256,main500,500,state,015d623b80dd1d8191dfc58b21ba32be6d020f3fe1977a73b857d2fabba3d536,74480,8222e0a7de0882e921136491066ccccc7ece80103bd90df2d65d648e4703fef4,64
0.060302734375,-0.05900065104166611,True,2,25.054962576832622,2.7765107043087482,0.0,mamba2,0.09234619140625,32,0.10943603515625,0.060892740885416664,91152,0.14947509765625,123,256,main500,500,state,015d623b80dd1d8191dfc58b21ba32be6d020f3fe1977a73b857d2fabba3d536,91152,8222e0a7de0882e921136491066ccccc7ece80103bd90df2d65d648e4703fef4,64
0.0611572265625,0.010172526041667225,True,3,20.673787084873766,2.776323540136218,0.0,mamba2,0.09234619140625,32,0.10943603515625,0.06105550130208333,145120,0.14947509765625,123,256,main500,500,state,015d623b80dd1d8191dfc58b21ba32be6d020f3fe1977a73b857d2fabba3d536,136928,8222e0a7de0882e921136491066ccccc7ece80103bd90df2d65d648e4703fef4,64
0.0609130859375,0.10172526041666721,True,4,27.18088070768863,2.776838457211852,0.0,mamba2,0.09234619140625,32,0.10943603515625,0.05989583333333333,272688,0.14947509765625,123,256,main500,500,state,015d623b80dd1d8191dfc58b21ba32be6d020f3fe1977a73b857d2fabba3d536,240944,8222e0a7de0882e921136491066ccccc7ece80103bd90df2d65d648e4703fef4,64
0.69873046875,61.07584635416667,True,1,10.455804422032088,1.1299854354001582,0.214599609375,gdn,0.29669189453125,4,0.2149658203125,0.08797200520833333,39592,0.3360595703125,123,64,main500,500,state,e03c1d91b9ecafde92ac67195a18197a96609c2b1b698472335b5adb2205ebea,39592,b3b487313f7c82e2fa6483c9f7c6752a333d7bbedc25a3de47bd863ef1e04bf9,64
0.17694091796875,6.168619791666668,True,2,25.50658461963758,2.4474445562809706,0.0,gdn,0.29669189453125,4,0.2149658203125,0.11525472005208333,46548,0.3360595703125,123,64,main500,500,state,e03c1d91b9ecafde92ac67195a18197a96609c2b1b698472335b5adb2205ebea,46548,b3b487313f7c82e2fa6483c9f7c6752a333d7bbedc25a3de47bd863ef1e04bf9,64
0.09698486328125,0.04272460937500093,True,3,26.629803107120097,2.7131357826292515,0.0,gdn,0.29669189453125,4,0.2149658203125,0.0965576171875,54328,0.3360595703125,123,64,main500,500,state,e03c1d91b9ecafde92ac67195a18197a96609c2b1b698472335b5adb2205ebea,52792,b3b487313f7c82e2fa6483c9f7c6752a333d7bbedc25a3de47bd863ef1e04bf9,64
0.06207275390625,0.048828125000000576,True,4,27.286539752036333,2.7763779181987047,0.0,gdn,0.29669189453125,4,0.2149658203125,0.06158447265624999,58724,0.3360595703125,123,64,main500,500,state,e03c1d91b9ecafde92ac67195a18197a96609c2b1b698472335b5adb2205ebea,55396,b3b487313f7c82e2fa6483c9f7c6752a333d7bbedc25a3de47bd863ef1e04bf9,64
0.4598388671875,36.59464518229167,True,1,16.569055301020853,1.725569298490882,0.0361328125,gdn_current,0.29669189453125,4,0.2149658203125,0.09389241536458331,39592,0.3360595703125,123,64,main500,500,state,e03c1d91b9ecafde92ac67195a18197a96609c2b1b698472335b5adb2205ebea,39592,b3b487313f7c82e2fa6483c9f7c6752a333d7bbedc25a3de47bd863ef1e04bf9,64
0.826171875,72.55452473958334,True,2,28.556331290048547,0.750139940995723,0.425537109375,gdn_current,0.29669189453125,4,0.2149658203125,0.10062662760416666,46548,0.3360595703125,123,64,main500,500,state,e03c1d91b9ecafde92ac67195a18197a96609c2b1b698472335b5adb2205ebea,42452,b3b487313f7c82e2fa6483c9f7c6752a333d7bbedc25a3de47bd863ef1e04bf9,64
0.83587646484375,74.090576171875,True,3,39.570730990031734,0.7405126129742712,0.453125,gdn_current,0.29669189453125,4,0.2149658203125,0.094970703125,54328,0.3360595703125,123,64,main500,500,state,e03c1d91b9ecafde92ac67195a18197a96609c2b1b698472335b5adb2205ebea,48696,b3b487313f7c82e2fa6483c9f7c6752a333d7bbedc25a3de47bd863ef1e04bf9,64
0.85443115234375,76.63981119791667,True,4,30.823019101982936,0.6764145258348435,0.513671875,gdn_current,0.29669189453125,4,0.2149658203125,0.08803304036458333,58724,0.3360595703125,123,64,main500,500,state,e03c1d91b9ecafde92ac67195a18197a96609c2b1b698472335b5adb2205ebea,51300,b3b487313f7c82e2fa6483c9f7c6752a333d7bbedc25a3de47bd863ef1e04bf9,64
0.1795654296875,0.012207031250001485,True,1,32.808692649006844,2.539636354893446,0.0,mamba2,0.29669189453125,4,0.2149658203125,0.179443359375,74480,0.3360595703125,123,64,main500,500,state,e03c1d91b9ecafde92ac67195a18197a96609c2b1b698472335b5adb2205ebea,74480,b3b487313f7c82e2fa6483c9f7c6752a333d7bbedc25a3de47bd863ef1e04bf9,64
0.095703125,-0.08951822916666578,True,2,18.43919331021607,2.700485086068511,0.0,mamba2,0.29669189453125,4,0.2149658203125,0.09659830729166666,84912,0.3360595703125,123,64,main500,500,state,e03c1d91b9ecafde92ac67195a18197a96609c2b1b698472335b5adb2205ebea,84912,b3b487313f7c82e2fa6483c9f7c6752a333d7bbedc25a3de47bd863ef1e04bf9,64
0.0806884765625,-0.18310546874999925,True,3,19.538398223929107,2.7225289903581142,0.0,mamba2,0.29669189453125,4,0.2149658203125,0.08251953125,116032,0.3360595703125,123,64,main500,500,state,e03c1d91b9ecafde92ac67195a18197a96609c2b1b698472335b5adb2205ebea,109888,b3b487313f7c82e2fa6483c9f7c6752a333d7bbedc25a3de47bd863ef1e04bf9,64
0.17791748046875,0.3763834635416682,True,4,20.01650535594672,2.5646741315722466,0.0,mamba2,0.29669189453125,4,0.2149658203125,0.17415364583333331,133616,0.3360595703125,123,64,main500,500,state,e03c1d91b9ecafde92ac67195a18197a96609c2b1b698472335b5adb2205ebea,120304,b3b487313f7c82e2fa6483c9f7c6752a333d7bbedc25a3de47bd863ef1e04bf9,64
0.0635986328125,-0.030517578124999424,True,1,12.927269889041781,2.7765482384711504,0.0,gdn,0.07855224609375,64,0.093505859375,0.06390380859375,39592,0.12017822265625,123,448,main500,500,state,68eaeebd9e7c1d2e3e88c4242eb746d5e87aa617567a69c4326a40b279fe376c,39592,57a7c14a963bc0c6e738022239eedb3f4e964351ea616ee5f14b043bffbda2b5,64
0.06280517578125,-0.03458658854166609,True,2,36.41065568616614,2.7785230297595263,0.0,gdn,0.07855224609375,64,0.093505859375,0.06315104166666666,49148,0.12017822265625,123,448,main500,500,state,68eaeebd9e7c1d2e3e88c4242eb746d5e87aa617567a69c4326a40b279fe376c,49148,57a7c14a963bc0c6e738022239eedb3f4e964351ea616ee5f14b043bffbda2b5,64
0.06494140625,0.15462239583333387,True,3,33.560659036040306,2.7775618992745876,0.0,gdn,0.07855224609375,64,0.093505859375,0.06339518229166666,61600,0.12017822265625,123,448,main500,500,state,68eaeebd9e7c1d2e3e88c4242eb746d5e87aa617567a69c4326a40b279fe376c,59552,57a7c14a963bc0c6e738022239eedb3f4e964351ea616ee5f14b043bffbda2b5,64
0.0626220703125,-0.12613932291666613,True,4,41.744786395225674,2.777362834662199,0.0,gdn,0.07855224609375,64,0.093505859375,0.06388346354166666,93492,0.12017822265625,123,448,main500,500,state,68eaeebd9e7c1d2e3e88c4242eb746d5e87aa617567a69c4326a40b279fe376c,85556,57a7c14a963bc0c6e738022239eedb3f4e964351ea616ee5f14b043bffbda2b5,64
0.064453125,0.09358723958333393,True,1,14.284755302011035,2.776483217254281,0.0,gdn_current,0.07855224609375,64,0.093505859375,0.06351725260416666,39592,0.12017822265625,123,448,main500,500,state,68eaeebd9e7c1d2e3e88c4242eb746d5e87aa617567a69c4326a40b279fe376c,39592,57a7c14a963bc0c6e738022239eedb3f4e964351ea616ee5f14b043bffbda2b5,64
0.06182861328125,-0.1749674479166661,True,2,35.14488089096267,2.7762842290103436,0.0,gdn_current,0.07855224609375,64,0.093505859375,0.06357828776041666,49148,0.12017822265625,123,448,main500,500,state,68eaeebd9e7c1d2e3e88c4242eb746d5e87aa617567a69c4326a40b279fe376c,45052,57a7c14a963bc0c6e738022239eedb3f4e964351ea616ee5f14b043bffbda2b5,64
0.06463623046875,0.0732421875000006,True,3,39.4998581019463,2.77662406116724,0.0,gdn_current,0.07855224609375,64,0.093505859375,0.06390380859375,61600,0.12017822265625,123,448,main500,500,state,68eaeebd9e7c1d2e3e88c4242eb746d5e87aa617567a69c4326a40b279fe376c,55456,57a7c14a963bc0c6e738022239eedb3f4e964351ea616ee5f14b043bffbda2b5,64
0.06524658203125,-0.03662109374999942,True,4,42.55979543400463,2.7754914443939924,0.0,gdn_current,0.07855224609375,64,0.093505859375,0.06561279296875,93492,0.12017822265625,123,448,main500,500,state,68eaeebd9e7c1d2e3e88c4242eb746d5e87aa617567a69c4326a40b279fe376c,81460,57a7c14a963bc0c6e738022239eedb3f4e964351ea616ee5f14b043bffbda2b5,64
0.06427001953125,0.06510416666666721,True,1,9.199146213009953,2.77522374689579,0.0,mamba2,0.07855224609375,64,0.093505859375,0.06361897786458333,74480,0.12017822265625,123,448,main500,500,state,68eaeebd9e7c1d2e3e88c4242eb746d5e87aa617567a69c4326a40b279fe376c,74480,57a7c14a963bc0c6e738022239eedb3f4e964351ea616ee5f14b043bffbda2b5,64
0.0645751953125,0.018310546875000562,True,2,26.011727201752365,2.7753479089587927,0.0,mamba2,0.07855224609375,64,0.093505859375,0.06439208984375,95312,0.12017822265625,123,448,main500,500,state,68eaeebd9e7c1d2e3e88c4242eb746d5e87aa617567a69c4326a40b279fe376c,95312,57a7c14a963bc0c6e738022239eedb3f4e964351ea616ee5f14b043bffbda2b5,64
0.06427001953125,0.07324218750000054,True,3,25.011949501000345,2.7751144990324974,0.0,mamba2,0.07855224609375,64,0.093505859375,0.06353759765625,145120,0.12017822265625,123,448,main500,500,state,68eaeebd9e7c1d2e3e88c4242eb746d5e87aa617567a69c4326a40b279fe376c,136928,57a7c14a963bc0c6e738022239eedb3f4e964351ea616ee5f14b043bffbda2b5,64
0.06304931640625,0.09155273437500054,True,4,31.697163006290793,2.7756967283785343,0.0,mamba2,0.07855224609375,64,0.093505859375,0.06213378906249999,272688,0.12017822265625,123,448,main500,500,state,68eaeebd9e7c1d2e3e88c4242eb746d5e87aa617567a69c4326a40b279fe376c,240944,57a7c14a963bc0c6e738022239eedb3f4e964351ea616ee5f14b043bffbda2b5,64
0.11334228515625,-0.05493164062499897,True,1,10.083384282886982,2.7202008217573166,0.0,gdn,0.18072509765625,8,0.166748046875,0.1138916015625,39592,0.256591796875,123,128,main500,500,state,b9eafe53f87fb39181fc1471849d042506e5219a58f06c4156dbc992a4b0b37c,39592,7529117e7ba637ebe18edc3e61e31000ffe2a827ca02f7add4567d3cdd971b54,64
0.07415771484375,0.09155273437500062,True,2,25.615909543354064,2.769032958894968,0.0,gdn,0.18072509765625,8,0.166748046875,0.0732421875,47588,0.256591796875,123,128,main500,500,state,b9eafe53f87fb39181fc1471849d042506e5219a58f06c4156dbc992a4b0b37c,47588,7529117e7ba637ebe18edc3e61e31000ffe2a827ca02f7add4567d3cdd971b54,64
0.07763671875,-0.132242838541666,True,3,37.80085286963731,2.749235374853015,0.0,gdn,0.18072509765625,8,0.166748046875,0.07895914713541666,54328,0.256591796875,123,128,main500,500,state,b9eafe53f87fb39181fc1471849d042506e5219a58f06c4156dbc992a4b0b37c,52792,7529117e7ba637ebe18edc3e61e31000ffe2a827ca02f7add4567d3cdd971b54,64
0.0626220703125,-0.08138020833333277,True,4,37.224713921081275,2.776747951284051,0.0,gdn,0.18072509765625,8,0.166748046875,0.06343587239583333,58724,0.256591796875,123,128,main500,500,state,b9eafe53f87fb39181fc1471849d042506e5219a58f06c4156dbc992a4b0b37c,55396,7529117e7ba637ebe18edc3e61e31000ffe2a827ca02f7add4567d3cdd971b54,64
0.1048583984375,0.13427734375000094,True,1,15.099635472986847,2.6971486397087574,0.0,gdn_current,0.18072509765625,8,0.166748046875,0.103515625,39592,0.256591796875,123,128,main500,500,state,b9eafe53f87fb39181fc1471849d042506e5219a58f06c4156dbc992a4b0b37c,39592,7529117e7ba637ebe18edc3e61e31000ffe2a827ca02f7add4567d3cdd971b54,64
0.10626220703125,-0.010172526041665639,True,2,27.04533359699417,2.7334287613630295,0.0,gdn_current,0.18072509765625,8,0.166748046875,0.10636393229166666,47588,0.256591796875,123,128,main500,500,state,b9eafe53f87fb39181fc1471849d042506e5219a58f06c4156dbc992a4b0b37c,43492,7529117e7ba637ebe18edc3e61e31000ffe2a827ca02f7add4567d3cdd971b54,64
0.06591796875,-0.07731119791666612,True,3,42.2696695770137,2.775333123281598,0.0,gdn_current,0.18072509765625,8,0.166748046875,0.06669108072916666,54328,0.256591796875,123,128,main500,500,state,b9eafe53f87fb39181fc1471849d042506e5219a58f06c4156dbc992a4b0b37c,48696,7529117e7ba637ebe18edc3e61e31000ffe2a827ca02f7add4567d3cdd971b54,64
0.0797119140625,-0.014241536458332572,True,4,29.93391301902011,2.7426482383161783,0.0,gdn_current,0.18072509765625,8,0.166748046875,0.07985432942708333,58724,0.256591796875,123,128,main500,500,state,b9eafe53f87fb39181fc1471849d042506e5219a58f06c4156dbc992a4b0b37c,51300,7529117e7ba637ebe18edc3e61e31000ffe2a827ca02f7add4567d3cdd971b54,64
0.06585693359375,0.024414062500000597,True,1,7.315090197138488,2.7747469134628773,0.0,mamba2,0.18072509765625,8,0.166748046875,0.06561279296875,74480,0.256591796875,123,128,main500,500,state,b9eafe53f87fb39181fc1471849d042506e5219a58f06c4156dbc992a4b0b37c,74480,7529117e7ba637ebe18edc3e61e31000ffe2a827ca02f7add4567d3cdd971b54,64
0.06585693359375,0.05493164062500061,True,2,18.555152144748718,2.774823136627674,0.000244140625,mamba2,0.18072509765625,8,0.166748046875,0.0653076171875,89072,0.256591796875,123,128,main500,500,state,b9eafe53f87fb39181fc1471849d042506e5219a58f06c4156dbc992a4b0b37c,89072,7529117e7ba637ebe18edc3e61e31000ffe2a827ca02f7add4567d3cdd971b54,64
0.0657958984375,-0.07527669270833275,True,3,19.680244113318622,2.7747849952429533,0.0,mamba2,0.18072509765625,8,0.166748046875,0.06654866536458333,116032,0.256591796875,123,128,main500,500,state,b9eafe53f87fb39181fc1471849d042506e5219a58f06c4156dbc992a4b0b37c,109888,7529117e7ba637ebe18edc3e61e31000ffe2a827ca02f7add4567d3cdd971b54,64
0.06585693359375,-0.10375976562499935,True,4,45.6814128421247,2.7747464142739773,0.0,mamba2,0.18072509765625,8,0.166748046875,0.06689453124999999,133616,0.256591796875,123,128,main500,500,state,b9eafe53f87fb39181fc1471849d042506e5219a58f06c4156dbc992a4b0b37c,120304,7529117e7ba637ebe18edc3e61e31000ffe2a827ca02f7add4567d3cdd971b54,64
0.33056640625,-1.5869140625,True,1,11.52216029400006,1.5982845751568675,0.33056640625,gdn,0.526123046875,2,0.541015625,0.346435546875,55976,0.541015625,123,64,main500,500,variable,7b600ff3b04976f1ccb61e8ff308b29caf51cb850038a3e5a268c2f06fba9f9c,55976,a4d804234a611d42451a70be0188faf78eee502630f2b30503513b8a0db77da7,64
0.064208984375,0.5615234375,True,2,34.722521394025534,2.780974267050624,0.064208984375,gdn,0.526123046875,2,0.541015625,0.05859375,62932,0.541015625,123,64,main500,500,variable,7b600ff3b04976f1ccb61e8ff308b29caf51cb850038a3e5a268c2f06fba9f9c,62932,a4d804234a611d42451a70be0188faf78eee502630f2b30503513b8a0db77da7,64
0.286865234375,-1.0498046875,True,1,23.0901394370012,1.8690785625949502,0.286865234375,mamba2,0.526123046875,2,0.541015625,0.29736328125,90864,0.541015625,123,64,main500,500,variable,7b600ff3b04976f1ccb61e8ff308b29caf51cb850038a3e5a268c2f06fba9f9c,90864,a4d804234a611d42451a70be0188faf78eee502630f2b30503513b8a0db77da7,64
0.442626953125,-2.8076171875,True,2,40.28559878189117,1.5530529506504536,0.442626953125,mamba2,0.526123046875,2,0.541015625,0.470703125,101296,0.541015625,123,64,main500,500,variable,7b600ff3b04976f1ccb61e8ff308b29caf51cb850038a3e5a268c2f06fba9f9c,101296,a4d804234a611d42451a70be0188faf78eee502630f2b30503513b8a0db77da7,64
0.32666015625,-0.439453125,True,3,20.637595450039953,2.0925878696143627,0.32666015625,mamba2,0.526123046875,2,0.541015625,0.3310546875,132416,0.541015625,123,64,main500,500,variable,7b600ff3b04976f1ccb61e8ff308b29caf51cb850038a3e5a268c2f06fba9f9c,126272,a4d804234a611d42451a70be0188faf78eee502630f2b30503513b8a0db77da7,64
0.06671142578125,,True,1,9.974055260187015,2.776976453140378,0.0,gdn,0.12225341796875,16,0.1298828125,,20200,0.19189453125,123,256,screen500,500,state,54eebd2a93c4ce250e93782c464cd1cf3b111bd55efff340b8a4efecb4cb5f92,20200,819d9d8363c630f8f835e5d28c1ca8c43f09cfe0ceebab4404462f052302f162,32
0.06451416015625,,True,2,23.545905026141554,2.777648875489831,0.0,gdn,0.12225341796875,16,0.1298828125,,24492,0.19189453125,123,256,screen500,500,state,54eebd2a93c4ce250e93782c464cd1cf3b111bd55efff340b8a4efecb4cb5f92,24492,819d9d8363c630f8f835e5d28c1ca8c43f09cfe0ceebab4404462f052302f162,32
0.06219482421875,,True,3,24.232259433949366,2.777262795716524,0.0,gdn,0.12225341796875,16,0.1298828125,,31328,0.19189453125,123,256,screen500,500,state,54eebd2a93c4ce250e93782c464cd1cf3b111bd55efff340b8a4efecb4cb5f92,30304,819d9d8363c630f8f835e5d28c1ca8c43f09cfe0ceebab4404462f052302f162,32
0.0625,,True,4,25.090986469062045,2.777094032615423,0.0,gdn,0.12225341796875,16,0.1298828125,,47476,0.19189453125,123,256,screen500,500,state,54eebd2a93c4ce250e93782c464cd1cf3b111bd55efff340b8a4efecb4cb5f92,43508,819d9d8363c630f8f835e5d28c1ca8c43f09cfe0ceebab4404462f052302f162,32
0.06671142578125,0.3295898437500006,True,1,10.703059129882604,2.776976453140378,0.0,gdn_current,0.12225341796875,16,0.1298828125,0.06341552734375,20200,0.19189453125,123,256,screen500,500,state,54eebd2a93c4ce250e93782c464cd1cf3b111bd55efff340b8a4efecb4cb5f92,20200,819d9d8363c630f8f835e5d28c1ca8c43f09cfe0ceebab4404462f052302f162,32
0.0618896484375,-0.2807617187499994,True,2,26.18186859600246,2.776544811204076,0.0,gdn_current,0.12225341796875,16,0.1298828125,0.064697265625,24492,0.19189453125,123,256,screen500,500,state,54eebd2a93c4ce250e93782c464cd1cf3b111bd55efff340b8a4efecb4cb5f92,22444,819d9d8363c630f8f835e5d28c1ca8c43f09cfe0ceebab4404462f052302f162,32
0.064208984375,0.05289713541666726,True,3,28.348482562229037,2.7769121918827295,0.0,gdn_current,0.12225341796875,16,0.1298828125,0.06368001302083333,31328,0.19189453125,123,256,screen500,500,state,54eebd2a93c4ce250e93782c464cd1cf3b111bd55efff340b8a4efecb4cb5f92,28256,819d9d8363c630f8f835e5d28c1ca8c43f09cfe0ceebab4404462f052302f162,32
0.0634765625,-0.04272460937499942,True,4,30.87765219481662,2.7768580242991447,0.0,gdn_current,0.12225341796875,16,0.1298828125,0.06390380859375,47476,0.19189453125,123,256,screen500,500,state,54eebd2a93c4ce250e93782c464cd1cf3b111bd55efff340b8a4efecb4cb5f92,41460,819d9d8363c630f8f835e5d28c1ca8c43f09cfe0ceebab4404462f052302f162,32
0.06427001953125,,True,1,25.83784508588724,2.775931153446436,0.0,mamba2,0.12225341796875,16,0.1298828125,,24856,0.19189453125,123,256,screen500,500,state,54eebd2a93c4ce250e93782c464cd1cf3b111bd55efff340b8a4efecb4cb5f92,24856,819d9d8363c630f8f835e5d28c1ca8c43f09cfe0ceebab4404462f052302f162,32
0.06402587890625,,True,2,17.302844482008368,2.7760916110128164,0.0,mamba2,0.12225341796875,16,0.1298828125,,29096,0.19189453125,123,256,screen500,500,state,54eebd2a93c4ce250e93782c464cd1cf3b111bd55efff340b8a4efecb4cb5f92,29096,819d9d8363c630f8f835e5d28c1ca8c43f09cfe0ceebab4404462f052302f162,32
0.06304931640625,,True,3,17.76833387813531,2.775851221755147,0.0,mamba2,0.12225341796875,16,0.1298828125,,42768,0.19189453125,123,256,screen500,500,state,54eebd2a93c4ce250e93782c464cd1cf3b111bd55efff340b8a4efecb4cb5f92,40720,819d9d8363c630f8f835e5d28c1ca8c43f09cfe0ceebab4404462f052302f162,32
0.0614013671875,,True,4,18.628131893929094,2.775987457484007,0.0,mamba2,0.12225341796875,16,0.1298828125,,75064,0.19189453125,123,256,screen500,500,state,54eebd2a93c4ce250e93782c464cd1cf3b111bd55efff340b8a4efecb4cb5f92,67128,819d9d8363c630f8f835e5d28c1ca8c43f09cfe0ceebab4404462f052302f162,32
0.06085205078125,,True,1,12.846999682020396,2.7780973594635725,0.0,gdn,0.09234619140625,32,0.10943603515625,,20200,0.14947509765625,123,256,screen500,500,state,015d623b80dd1d8191dfc58b21ba32be6d020f3fe1977a73b857d2fabba3d536,20200,8222e0a7de0882e921136491066ccccc7ece80103bd90df2d65d648e4703fef4,32
0.06158447265625,,True,2,29.448888912796974,2.7783090975135565,0.0,gdn,0.09234619140625,32,0.10943603515625,,24492,0.14947509765625,123,256,screen500,500,state,015d623b80dd1d8191dfc58b21ba32be6d020f3fe1977a73b857d2fabba3d536,24492,8222e0a7de0882e921136491066ccccc7ece80103bd90df2d65d648e4703fef4,32
0.06097412109375,,True,3,32.18864895310253,2.778082577511668,0.0,gdn,0.09234619140625,32,0.10943603515625,,31328,0.14947509765625,123,256,screen500,500,state,015d623b80dd1d8191dfc58b21ba32be6d020f3fe1977a73b857d2fabba3d536,30304,8222e0a7de0882e921136491066ccccc7ece80103bd90df2d65d648e4703fef4,32
0.06207275390625,,True,4,25.343000344000757,2.778573902323842,0.0,gdn,0.09234619140625,32,0.10943603515625,,47476,0.14947509765625,123,256,screen500,500,state,015d623b80dd1d8191dfc58b21ba32be6d020f3fe1977a73b857d2fabba3d536,43508,8222e0a7de0882e921136491066ccccc7ece80103bd90df2d65d648e4703fef4,32
0.06085205078125,-0.04272460937499946,True,1,10.717923924792558,2.7780973594635725,0.0,gdn_current,0.09234619140625,32,0.10943603515625,0.06127929687499999,20200,0.14947509765625,123,256,screen500,500,state,015d623b80dd1d8191dfc58b21ba32be6d020f3fe1977a73b857d2fabba3d536,20200,8222e0a7de0882e921136491066ccccc7ece80103bd90df2d65d648e4703fef4,32
0.06134033203125,0.12003580729166717,True,2,26.479572830256075,2.7781443763524294,0.0,gdn_current,0.09234619140625,32,0.10943603515625,0.06013997395833333,24492,0.14947509765625,123,256,screen500,500,state,015d623b80dd1d8191dfc58b21ba32be6d020f3fe1977a73b857d2fabba3d536,22444,8222e0a7de0882e921136491066ccccc7ece80103bd90df2d65d648e4703fef4,32
0.05926513671875,-0.27058919270833276,True,3,28.386712297331542,2.778214843943715,0.0,gdn_current,0.09234619140625,32,0.10943603515625,0.06197102864583333,31328,0.14947509765625,123,256,screen500,500,state,015d623b80dd1d8191dfc58b21ba32be6d020f3fe1977a73b857d2fabba3d536,28256,8222e0a7de0882e921136491066ccccc7ece80103bd90df2d65d648e4703fef4,32
0.05987548828125,-0.03662109374999948,True,4,30.89143886929378,2.777969965711236,0.0,gdn_current,0.09234619140625,32,0.10943603515625,0.06024169921875,47476,0.14947509765625,123,256,screen500,500,state,015d623b80dd1d8191dfc58b21ba32be6d020f3fe1977a73b857d2fabba3d536,41460,8222e0a7de0882e921136491066ccccc7ece80103bd90df2d65d648e4703fef4,32
0.06134033203125,,True,1,9.151861087884754,2.7770041674375534,0.0,mamba2,0.09234619140625,32,0.10943603515625,,24856,0.14947509765625,123,256,screen500,500,state,015d623b80dd1d8191dfc58b21ba32be6d020f3fe1977a73b857d2fabba3d536,24856,8222e0a7de0882e921136491066ccccc7ece80103bd90df2d65d648e4703fef4,32
0.06085205078125,,True,2,21.002201610710472,2.7771344408392906,0.0,mamba2,0.09234619140625,32,0.10943603515625,,29096,0.14947509765625,123,256,screen500,500,state,015d623b80dd1d8191dfc58b21ba32be6d020f3fe1977a73b857d2fabba3d536,29096,8222e0a7de0882e921136491066ccccc7ece80103bd90df2d65d648e4703fef4,32
0.0626220703125,,True,3,23.526062009390444,2.7772041391581297,0.0,mamba2,0.09234619140625,32,0.10943603515625,,42768,0.14947509765625,123,256,screen500,500,state,015d623b80dd1d8191dfc58b21ba32be6d020f3fe1977a73b857d2fabba3d536,40720,8222e0a7de0882e921136491066ccccc7ece80103bd90df2d65d648e4703fef4,32
0.06085205078125,,True,4,18.639606645097956,2.7771011888980865,0.0,mamba2,0.09234619140625,32,0.10943603515625,,75064,0.14947509765625,123,256,screen500,500,state,015d623b80dd1d8191dfc58b21ba32be6d020f3fe1977a73b857d2fabba3d536,67128,8222e0a7de0882e921136491066ccccc7ece80103bd90df2d65d648e4703fef4,32
0.5467529296875,,True,1,12.23811420891434,1.5588410450145602,0.064697265625,gdn,0.29669189453125,4,0.2149658203125,,20200,0.3360595703125,123,64,screen500,500,state,e03c1d91b9ecafde92ac67195a18197a96609c2b1b698472335b5adb2205ebea,20200,b3b487313f7c82e2fa6483c9f7c6752a333d7bbedc25a3de47bd863ef1e04bf9,32
0.533935546875,,True,2,29.830537495203316,1.7912797229364514,0.040283203125,gdn,0.29669189453125,4,0.2149658203125,,23700,0.3360595703125,123,64,screen500,500,state,e03c1d91b9ecafde92ac67195a18197a96609c2b1b698472335b5adb2205ebea,23700,b3b487313f7c82e2fa6483c9f7c6752a333d7bbedc25a3de47bd863ef1e04bf9,32
0.06292724609375,,True,3,31.334072538185865,2.777564264833927,0.0,gdn,0.29669189453125,4,0.2149658203125,,27640,0.3360595703125,123,64,screen500,500,state,e03c1d91b9ecafde92ac67195a18197a96609c2b1b698472335b5adb2205ebea,26872,b3b487313f7c82e2fa6483c9f7c6752a333d7bbedc25a3de47bd863ef1e04bf9,32
0.06243896484375,,True,4,30.16394042270258,2.7770007085055113,0.0,gdn,0.29669189453125,4,0.2149658203125,,29860,0.3360595703125,123,64,screen500,500,state,e03c1d91b9ecafde92ac67195a18197a96609c2b1b698472335b5adb2205ebea,28196,b3b487313f7c82e2fa6483c9f7c6752a333d7bbedc25a3de47bd863ef1e04bf9,32
0.5467529296875,42.946370442708336,True,1,11.828822740993928,1.5588410450145602,0.064697265625,gdn_current,0.29669189453125,4,0.2149658203125,0.11728922526041666,20200,0.3360595703125,123,64,screen500,500,state,e03c1d91b9ecafde92ac67195a18197a96609c2b1b698472335b5adb2205ebea,20200,b3b487313f7c82e2fa6483c9f7c6752a333d7bbedc25a3de47bd863ef1e04bf9,32
0.1458740234375,5.552164713541667,True,2,29.592258588876575,2.461587628349662,0.000244140625,gdn_current,0.29669189453125,4,0.2149658203125,0.09035237630208333,23700,0.3360595703125,123,64,screen500,500,state,e03c1d91b9ecafde92ac67195a18197a96609c2b1b698472335b5adb2205ebea,21652,b3b487313f7c82e2fa6483c9f7c6752a333d7bbedc25a3de47bd863ef1e04bf9,32
0.064208984375,0.14851888020833393,True,3,93.03879592695739,2.7767494041472673,0.000244140625,gdn_current,0.29669189453125,4,0.2149658203125,0.06272379557291666,27640,0.3360595703125,123,64,screen500,500,state,e03c1d91b9ecafde92ac67195a18197a96609c2b1b698472335b5adb2205ebea,24824,b3b487313f7c82e2fa6483c9f7c6752a333d7bbedc25a3de47bd863ef1e04bf9,32
0.33837890625,19.201660156250004,True,4,28.71770764887333,2.1781420186161995,0.007568359375,gdn_current,0.29669189453125,4,0.2149658203125,0.1463623046875,29860,0.3360595703125,123,64,screen500,500,state,e03c1d91b9ecafde92ac67195a18197a96609c2b1b698472335b5adb2205ebea,26148,b3b487313f7c82e2fa6483c9f7c6752a333d7bbedc25a3de47bd863ef1e04bf9,32
0.06390380859375,,True,1,26.491290116216987,2.7761508617550135,0.0,mamba2,0.29669189453125,4,0.2149658203125,,24856,0.3360595703125,123,64,screen500,500,state,e03c1d91b9ecafde92ac67195a18197a96609c2b1b698472335b5adb2205ebea,24856,b3b487313f7c82e2fa6483c9f7c6752a333d7bbedc25a3de47bd863ef1e04bf9,32
0.1610107421875,,True,2,39.57731689931825,2.513724956661463,0.0,mamba2,0.29669189453125,4,0.2149658203125,,27512,0.3360595703125,123,64,screen500,500,state,e03c1d91b9ecafde92ac67195a18197a96609c2b1b698472335b5adb2205ebea,27512,b3b487313f7c82e2fa6483c9f7c6752a333d7bbedc25a3de47bd863ef1e04bf9,32
0.06158447265625,,True,3,40.91262367321178,2.7763569429516792,0.0,mamba2,0.29669189453125,4,0.2149658203125,,35392,0.3360595703125,123,64,screen500,500,state,e03c1d91b9ecafde92ac67195a18197a96609c2b1b698472335b5adb2205ebea,33856,b3b487313f7c82e2fa6483c9f7c6752a333d7bbedc25a3de47bd863ef1e04bf9,32
0.06396484375,,True,4,40.755055889021605,2.776115784421563,0.0,mamba2,0.29669189453125,4,0.2149658203125,,39832,0.3360595703125,123,64,screen500,500,state,e03c1d91b9ecafde92ac67195a18197a96609c2b1b698472335b5adb2205ebea,36504,b3b487313f7c82e2fa6483c9f7c6752a333d7bbedc25a3de47bd863ef1e04bf9,32
0.11627197265625,,True,1,12.207762938924134,2.6737474482506514,0.000244140625,gdn,0.18072509765625,8,0.166748046875,,20200,0.256591796875,123,128,screen500,500,state,b9eafe53f87fb39181fc1471849d042506e5219a58f06c4156dbc992a4b0b37c,20200,7529117e7ba637ebe18edc3e61e31000ffe2a827ca02f7add4567d3cdd971b54,32
0.065673828125,,True,2,31.119945466984063,2.776718556880951,0.0,gdn,0.18072509765625,8,0.166748046875,,24228,0.256591796875,123,128,screen500,500,state,b9eafe53f87fb39181fc1471849d042506e5219a58f06c4156dbc992a4b0b37c,24228,7529117e7ba637ebe18edc3e61e31000ffe2a827ca02f7add4567d3cdd971b54,32
0.0643310546875,,True,3,31.466686114203185,2.7771170418709517,0.0,gdn,0.18072509765625,8,0.166748046875,,27640,0.256591796875,123,128,screen500,500,state,b9eafe53f87fb39181fc1471849d042506e5219a58f06c4156dbc992a4b0b37c,26872,7529117e7ba637ebe18edc3e61e31000ffe2a827ca02f7add4567d3cdd971b54,32
0.06195068359375,,True,4,32.97559978580102,2.776870258152485,0.0,gdn,0.18072509765625,8,0.166748046875,,29860,0.256591796875,123,128,screen500,500,state,b9eafe53f87fb39181fc1471849d042506e5219a58f06c4156dbc992a4b0b37c,28196,7529117e7ba637ebe18edc3e61e31000ffe2a827ca02f7add4567d3cdd971b54,32
0.11627197265625,1.3997395833333344,True,1,10.239105633983854,2.6737474482506514,0.000244140625,gdn_current,0.18072509765625,8,0.166748046875,0.10227457682291666,20200,0.256591796875,123,128,screen500,500,state,b9eafe53f87fb39181fc1471849d042506e5219a58f06c4156dbc992a4b0b37c,20200,7529117e7ba637ebe18edc3e61e31000ffe2a827ca02f7add4567d3cdd971b54,32
0.06512451171875,0.14038085937500064,True,2,25.82851045811549,2.776414282619953,0.0,gdn_current,0.18072509765625,8,0.166748046875,0.06372070312499999,24228,0.256591796875,123,128,screen500,500,state,b9eafe53f87fb39181fc1471849d042506e5219a58f06c4156dbc992a4b0b37c,22180,7529117e7ba637ebe18edc3e61e31000ffe2a827ca02f7add4567d3cdd971b54,32
0.06719970703125,0.2421061197916673,True,3,27.013373571040574,2.7768506798893213,0.0,gdn_current,0.18072509765625,8,0.166748046875,0.06477864583333333,27640,0.256591796875,123,128,screen500,500,state,b9eafe53f87fb39181fc1471849d042506e5219a58f06c4156dbc992a4b0b37c,24824,7529117e7ba637ebe18edc3e61e31000ffe2a827ca02f7add4567d3cdd971b54,32
0.067626953125,0.0630696614583339,True,4,28.823636708781123,2.776140660047531,0.0,gdn_current,0.18072509765625,8,0.166748046875,0.06699625651041666,29860,0.256591796875,123,128,screen500,500,state,b9eafe53f87fb39181fc1471849d042506e5219a58f06c4156dbc992a4b0b37c,26148,7529117e7ba637ebe18edc3e61e31000ffe2a827ca02f7add4567d3cdd971b54,32
0.06451416015625,,True,1,8.872562077827752,2.7757343910634518,0.0,mamba2,0.18072509765625,8,0.166748046875,,24856,0.256591796875,123,128,screen500,500,state,b9eafe53f87fb39181fc1471849d042506e5219a58f06c4156dbc992a4b0b37c,24856,7529117e7ba637ebe18edc3e61e31000ffe2a827ca02f7add4567d3cdd971b54,32
0.065185546875,,True,2,21.368468133732677,2.775597905740142,0.0,mamba2,0.18072509765625,8,0.166748046875,,28568,0.256591796875,123,128,screen500,500,state,b9eafe53f87fb39181fc1471849d042506e5219a58f06c4156dbc992a4b0b37c,28568,7529117e7ba637ebe18edc3e61e31000ffe2a827ca02f7add4567d3cdd971b54,32
0.06329345703125,,True,3,21.69300188496709,2.775932526215911,0.0,mamba2,0.18072509765625,8,0.166748046875,,35392,0.256591796875,123,128,screen500,500,state,b9eafe53f87fb39181fc1471849d042506e5219a58f06c4156dbc992a4b0b37c,33856,7529117e7ba637ebe18edc3e61e31000ffe2a827ca02f7add4567d3cdd971b54,32
0.06549072265625,,True,4,22.522490985691547,2.7758584450930357,0.0,mamba2,0.18072509765625,8,0.166748046875,,39832,0.256591796875,123,128,screen500,500,state,b9eafe53f87fb39181fc1471849d042506e5219a58f06c4156dbc992a4b0b37c,36504,7529117e7ba637ebe18edc3e61e31000ffe2a827ca02f7add4567d3cdd971b54,32
0.065673828125,,True,1,9.2779732120689,2.785711409524083,0.065673828125,gdn,0.13330078125,16,0.193359375,,28392,0.193359375,123,256,screen500,500,variable,bf7805bee072b6fa90d12e442dce61bc58852f3cb3141346b3c1919fc6499fb7,28392,3f39b684b43011165efab3268c8701b76e6f99fd834ad96fda7e400de95d3b6c,32
0.069580078125,,True,2,23.129248679149896,2.787101773545146,0.069580078125,gdn,0.13330078125,16,0.193359375,,32684,0.193359375,123,256,screen500,500,variable,bf7805bee072b6fa90d12e442dce61bc58852f3cb3141346b3c1919fc6499fb7,32684,3f39b684b43011165efab3268c8701b76e6f99fd834ad96fda7e400de95d3b6c,32
0.061767578125,,True,3,24.245991139905527,2.790047589689493,0.061767578125,gdn,0.13330078125,16,0.193359375,,39520,0.193359375,123,256,screen500,500,variable,bf7805bee072b6fa90d12e442dce61bc58852f3cb3141346b3c1919fc6499fb7,38496,3f39b684b43011165efab3268c8701b76e6f99fd834ad96fda7e400de95d3b6c,32
0.072021484375,,True,4,24.87470975611359,2.788433013483882,0.072021484375,gdn,0.13330078125,16,0.193359375,,55668,0.193359375,123,256,screen500,500,variable,bf7805bee072b6fa90d12e442dce61bc58852f3cb3141346b3c1919fc6499fb7,51700,3f39b684b43011165efab3268c8701b76e6f99fd834ad96fda7e400de95d3b6c,32
0.065673828125,0.4817708333333337,True,1,10.333303520921618,2.785711409524083,0.065673828125,gdn_current,0.13330078125,16,0.193359375,0.06085611979166666,28392,0.193359375,123,256,screen500,500,variable,bf7805bee072b6fa90d12e442dce61bc58852f3cb3141346b3c1919fc6499fb7,28392,3f39b684b43011165efab3268c8701b76e6f99fd834ad96fda7e400de95d3b6c,32
0.06787109375,0.6363932291666671,True,2,26.57160789007321,2.785385547205806,0.06787109375,gdn_current,0.13330078125,16,0.193359375,0.061507161458333334,32684,0.193359375,123,256,screen500,500,variable,bf7805bee072b6fa90d12e442dce61bc58852f3cb3141346b3c1919fc6499fb7,30636,3f39b684b43011165efab3268c8701b76e6f99fd834ad96fda7e400de95d3b6c,32
0.068603515625,0.7714843750000003,True,3,28.76629883889109,2.788432028144598,0.068603515625,gdn_current,0.13330078125,16,0.193359375,0.060888671874999994,39520,0.193359375,123,256,screen500,500,variable,bf7805bee072b6fa90d12e442dce61bc58852f3cb3141346b3c1919fc6499fb7,36448,3f39b684b43011165efab3268c8701b76e6f99fd834ad96fda7e400de95d3b6c,32
0.069091796875,0.7307942708333336,True,4,31.39616887504235,2.7855778206139803,0.069091796875,gdn_current,0.13330078125,16,0.193359375,0.061783854166666666,55668,0.193359375,123,256,screen500,500,variable,bf7805bee072b6fa90d12e442dce61bc58852f3cb3141346b3c1919fc6499fb7,49652,3f39b684b43011165efab3268c8701b76e6f99fd834ad96fda7e400de95d3b6c,32
0.06982421875,,True,1,6.702179653104395,2.7816337775439024,0.06982421875,mamba2,0.13330078125,16,0.193359375,,33048,0.193359375,123,256,screen500,500,variable,bf7805bee072b6fa90d12e442dce61bc58852f3cb3141346b3c1919fc6499fb7,33048,3f39b684b43011165efab3268c8701b76e6f99fd834ad96fda7e400de95d3b6c,32
0.069580078125,,True,2,16.60992093803361,2.7821182906627655,0.069580078125,mamba2,0.13330078125,16,0.193359375,,37288,0.193359375,123,256,screen500,500,variable,bf7805bee072b6fa90d12e442dce61bc58852f3cb3141346b3c1919fc6499fb7,37288,3f39b684b43011165efab3268c8701b76e6f99fd834ad96fda7e400de95d3b6c,32
0.070068359375,,True,3,17.685437300009653,2.7820353526622057,0.070068359375,mamba2,0.13330078125,16,0.193359375,,50960,0.193359375,123,256,screen500,500,variable,bf7805bee072b6fa90d12e442dce61bc58852f3cb3141346b3c1919fc6499fb7,48912,3f39b684b43011165efab3268c8701b76e6f99fd834ad96fda7e400de95d3b6c,32
0.06982421875,,True,4,18.303209641948342,2.782361226156354,0.06982421875,mamba2,0.13330078125,16,0.193359375,,83256,0.193359375,123,256,screen500,500,variable,bf7805bee072b6fa90d12e442dce61bc58852f3cb3141346b3c1919fc6499fb7,75320,3f39b684b43011165efab3268c8701b76e6f99fd834ad96fda7e400de95d3b6c,32
0.155029296875,,True,1,9.312292003072798,2.46341535076499,0.155029296875,gdn,0.526123046875,2,0.541015625,,28392,0.541015625,123,64,screen500,500,variable,7b600ff3b04976f1ccb61e8ff308b29caf51cb850038a3e5a268c2f06fba9f9c,28392,a4d804234a611d42451a70be0188faf78eee502630f2b30503513b8a0db77da7,32
0.06396484375,,True,2,22.793121509021148,2.7815268598496914,0.06396484375,gdn,0.526123046875,2,0.541015625,,31892,0.541015625,123,64,screen500,500,variable,7b600ff3b04976f1ccb61e8ff308b29caf51cb850038a3e5a268c2f06fba9f9c,31892,a4d804234a611d42451a70be0188faf78eee502630f2b30503513b8a0db77da7,32
0.124755859375,,True,3,23.833790061995387,2.5530627630650997,0.124755859375,gdn,0.526123046875,2,0.541015625,,35832,0.541015625,123,64,screen500,500,variable,7b600ff3b04976f1ccb61e8ff308b29caf51cb850038a3e5a268c2f06fba9f9c,35064,a4d804234a611d42451a70be0188faf78eee502630f2b30503513b8a0db77da7,32
0.06396484375,,True,4,24.74300066777505,2.7823023218661547,0.06396484375,gdn,0.526123046875,2,0.541015625,,38052,0.541015625,123,64,screen500,500,variable,7b600ff3b04976f1ccb61e8ff308b29caf51cb850038a3e5a268c2f06fba9f9c,36388,a4d804234a611d42451a70be0188faf78eee502630f2b30503513b8a0db77da7,32
0.155029296875,1.220703125,True,1,12.373618534998968,2.46341535076499,0.155029296875,gdn_current,0.526123046875,2,0.541015625,0.142822265625,28392,0.541015625,123,64,screen500,500,variable,7b600ff3b04976f1ccb61e8ff308b29caf51cb850038a3e5a268c2f06fba9f9c,28392,a4d804234a611d42451a70be0188faf78eee502630f2b30503513b8a0db77da7,32
0.0634765625,0.3662109375,True,2,34.82872349722311,2.7808086927980185,0.0634765625,gdn_current,0.526123046875,2,0.541015625,0.059814453125,31892,0.541015625,123,64,screen500,500,variable,7b600ff3b04976f1ccb61e8ff308b29caf51cb850038a3e5a268c2f06fba9f9c,29844,a4d804234a611d42451a70be0188faf78eee502630f2b30503513b8a0db77da7,32
0.137939453125,0.2197265625,True,3,28.598073663015384,2.550597984343767,0.137939453125,gdn_current,0.526123046875,2,0.541015625,0.1357421875,35832,0.541015625,123,64,screen500,500,variable,7b600ff3b04976f1ccb61e8ff308b29caf51cb850038a3e5a268c2f06fba9f9c,33016,a4d804234a611d42451a70be0188faf78eee502630f2b30503513b8a0db77da7,32
0.06787109375,0.341796875,True,4,28.938202742952853,2.780802519991994,0.06787109375,gdn_current,0.526123046875,2,0.541015625,0.064453125,38052,0.541015625,123,64,screen500,500,variable,7b600ff3b04976f1ccb61e8ff308b29caf51cb850038a3e5a268c2f06fba9f9c,34340,a4d804234a611d42451a70be0188faf78eee502630f2b30503513b8a0db77da7,32
0.187255859375,,True,1,23.315795209025964,2.291429905220866,0.187255859375,mamba2,0.526123046875,2,0.541015625,,33048,0.541015625,123,64,screen500,500,variable,7b600ff3b04976f1ccb61e8ff308b29caf51cb850038a3e5a268c2f06fba9f9c,33048,a4d804234a611d42451a70be0188faf78eee502630f2b30503513b8a0db77da7,32
0.063720703125,,True,2,16.5456210100092,2.7796260453760624,0.063720703125,mamba2,0.526123046875,2,0.541015625,,35704,0.541015625,123,64,screen500,500,variable,7b600ff3b04976f1ccb61e8ff308b29caf51cb850038a3e5a268c2f06fba9f9c,35704,a4d804234a611d42451a70be0188faf78eee502630f2b30503513b8a0db77da7,32
0.063720703125,,True,3,17.347483272198588,2.7800177186727524,0.063720703125,mamba2,0.526123046875,2,0.541015625,,43584,0.541015625,123,64,screen500,500,variable,7b600ff3b04976f1ccb61e8ff308b29caf51cb850038a3e5a268c2f06fba9f9c,42048,a4d804234a611d42451a70be0188faf78eee502630f2b30503513b8a0db77da7,32
0.06298828125,,True,4,17.987452975008637,2.7798483353108168,0.06298828125,mamba2,0.526123046875,2,0.541015625,,48024,0.541015625,123,64,screen500,500,variable,7b600ff3b04976f1ccb61e8ff308b29caf51cb850038a3e5a268c2f06fba9f9c,44696,a4d804234a611d42451a70be0188faf78eee502630f2b30503513b8a0db77da7,32
0.0634765625,,True,1,9.220258431974798,2.7813245449215174,0.0634765625,gdn,0.300048828125,4,0.33935546875,,28392,0.33935546875,123,64,screen500,500,variable,30f5a8f4838c5fe1b4d0b6969b274b42091b53854a0e7437610f620bc6d53cca,28392,7947fd9031956a2ff5367fff32187300687cf71125bb1e073065202fa47e29d1,32
0.064453125,,True,2,22.79593295417726,2.784546907991171,0.064453125,gdn,0.300048828125,4,0.33935546875,,31892,0.33935546875,123,64,screen500,500,variable,30f5a8f4838c5fe1b4d0b6969b274b42091b53854a0e7437610f620bc6d53cca,31892,7947fd9031956a2ff5367fff32187300687cf71125bb1e073065202fa47e29d1,32
0.063232421875,,True,3,23.84925999911502,2.7813583221286535,0.063232421875,gdn,0.300048828125,4,0.33935546875,,35832,0.33935546875,123,64,screen500,500,variable,30f5a8f4838c5fe1b4d0b6969b274b42091b53854a0e7437610f620bc6d53cca,35064,7947fd9031956a2ff5367fff32187300687cf71125bb1e073065202fa47e29d1,32
0.056640625,,True,4,24.443564840126783,2.780103540048003,0.056640625,gdn,0.300048828125,4,0.33935546875,,38052,0.33935546875,123,64,screen500,500,variable,30f5a8f4838c5fe1b4d0b6969b274b42091b53854a0e7437610f620bc6d53cca,36388,7947fd9031956a2ff5367fff32187300687cf71125bb1e073065202fa47e29d1,32
0.0634765625,0.16276041666666735,True,1,10.314645086997189,2.7813245449215174,0.0634765625,gdn_current,0.300048828125,4,0.33935546875,0.06184895833333333,28392,0.33935546875,123,64,screen500,500,variable,30f5a8f4838c5fe1b4d0b6969b274b42091b53854a0e7437610f620bc6d53cca,28392,7947fd9031956a2ff5367fff32187300687cf71125bb1e073065202fa47e29d1,32
0.062744140625,0.130208333333334,True,2,25.60283175110817,2.781243374571204,0.062744140625,gdn_current,0.300048828125,4,0.33935546875,0.06144205729166666,31892,0.33935546875,123,64,screen500,500,variable,30f5a8f4838c5fe1b4d0b6969b274b42091b53854a0e7437610f620bc6d53cca,29844,7947fd9031956a2ff5367fff32187300687cf71125bb1e073065202fa47e29d1,32
0.064208984375,0.04069010416666721,True,3,27.701730958011467,2.782702164724469,0.064208984375,gdn_current,0.300048828125,4,0.33935546875,0.06380208333333333,35832,0.33935546875,123,64,screen500,500,variable,30f5a8f4838c5fe1b4d0b6969b274b42091b53854a0e7437610f620bc6d53cca,33016,7947fd9031956a2ff5367fff32187300687cf71125bb1e073065202fa47e29d1,32
0.062744140625,0.276692708333334,True,4,29.090492655988783,2.7811053171753883,0.062744140625,gdn_current,0.300048828125,4,0.33935546875,0.05997721354166666,38052,0.33935546875,123,64,screen500,500,variable,30f5a8f4838c5fe1b4d0b6969b274b42091b53854a0e7437610f620bc6d53cca,34340,7947fd9031956a2ff5367fff32187300687cf71125bb1e073065202fa47e29d1,32
0.06103515625,,True,1,6.503029590006918,2.777438785880804,0.06103515625,mamba2,0.300048828125,4,0.33935546875,,33048,0.33935546875,123,64,screen500,500,variable,30f5a8f4838c5fe1b4d0b6969b274b42091b53854a0e7437610f620bc6d53cca,33048,7947fd9031956a2ff5367fff32187300687cf71125bb1e073065202fa47e29d1,32
0.062744140625,,True,2,16.467349789105356,2.777790879830718,0.062744140625,mamba2,0.300048828125,4,0.33935546875,,35704,0.33935546875,123,64,screen500,500,variable,30f5a8f4838c5fe1b4d0b6969b274b42091b53854a0e7437610f620bc6d53cca,35704,7947fd9031956a2ff5367fff32187300687cf71125bb1e073065202fa47e29d1,32
0.063720703125,,True,3,17.328992258990183,2.7772697992622852,0.063720703125,mamba2,0.300048828125,4,0.33935546875,,43584,0.33935546875,123,64,screen500,500,variable,30f5a8f4838c5fe1b4d0b6969b274b42091b53854a0e7437610f620bc6d53cca,42048,7947fd9031956a2ff5367fff32187300687cf71125bb1e073065202fa47e29d1,32
0.065185546875,,True,4,17.98037781799212,2.7773436456918716,0.065185546875,mamba2,0.300048828125,4,0.33935546875,,48024,0.33935546875,123,64,screen500,500,variable,30f5a8f4838c5fe1b4d0b6969b274b42091b53854a0e7437610f620bc6d53cca,44696,7947fd9031956a2ff5367fff32187300687cf71125bb1e073065202fa47e29d1,32
0.055908203125,,True,1,9.264615512918681,2.7860063072293997,0.055908203125,gdn,0.1845703125,8,0.26953125,,28392,0.26953125,123,128,screen500,500,variable,4f459ec700a8b329676adda91fb20fd5d90e56f9b9609f174e6971aa0510d01f,28392,660706acc970dbf7245830b11f8da70e2ab83ce72b02d69af89e9efedf934f44,32
0.053466796875,,True,2,22.919288208940998,2.7864117808640003,0.053466796875,gdn,0.1845703125,8,0.26953125,,32420,0.26953125,123,128,screen500,500,variable,4f459ec700a8b329676adda91fb20fd5d90e56f9b9609f174e6971aa0510d01f,32420,660706acc970dbf7245830b11f8da70e2ab83ce72b02d69af89e9efedf934f44,32
0.053955078125,,True,3,24.111058378824964,2.789189413189888,0.053955078125,gdn,0.1845703125,8,0.26953125,,35832,0.26953125,123,128,screen500,500,variable,4f459ec700a8b329676adda91fb20fd5d90e56f9b9609f174e6971aa0510d01f,35064,660706acc970dbf7245830b11f8da70e2ab83ce72b02d69af89e9efedf934f44,32
0.054931640625,,True,4,24.615430423989892,2.785541309043765,0.054931640625,gdn,0.1845703125,8,0.26953125,,38052,0.26953125,123,128,screen500,500,variable,4f459ec700a8b329676adda91fb20fd5d90e56f9b9609f174e6971aa0510d01f,36388,660706acc970dbf7245830b11f8da70e2ab83ce72b02d69af89e9efedf934f44,32
0.055908203125,-0.5092075892857133,True,1,10.213986488990486,2.7860063072293997,0.055908203125,gdn_current,0.1845703125,8,0.26953125,0.06100027901785713,28392,0.26953125,123,128,screen500,500,variable,4f459ec700a8b329676adda91fb20fd5d90e56f9b9609f174e6971aa0510d01f,28392,660706acc970dbf7245830b11f8da70e2ab83ce72b02d69af89e9efedf934f44,32
0.0537109375,-0.8405412946428561,True,2,25.78713606670499,2.7872699946165085,0.0537109375,gdn_current,0.1845703125,8,0.26953125,0.06211635044642856,32420,0.26953125,123,128,screen500,500,variable,4f459ec700a8b329676adda91fb20fd5d90e56f9b9609f174e6971aa0510d01f,30372,660706acc970dbf7245830b11f8da70e2ab83ce72b02d69af89e9efedf934f44,32
0.052978515625,-0.8789062499999991,True,3,27.48738498101011,2.7862838581204414,0.052978515625,gdn_current,0.1845703125,8,0.26953125,0.06176757812499999,35832,0.26953125,123,128,screen500,500,variable,4f459ec700a8b329676adda91fb20fd5d90e56f9b9609f174e6971aa0510d01f,33016,660706acc970dbf7245830b11f8da70e2ab83ce72b02d69af89e9efedf934f44,32
0.05419921875,-0.8300781249999991,True,4,29.100386845879257,2.7896244172006845,0.05419921875,gdn_current,0.1845703125,8,0.26953125,0.06249999999999999,38052,0.26953125,123,128,screen500,500,variable,4f459ec700a8b329676adda91fb20fd5d90e56f9b9609f174e6971aa0510d01f,34340,660706acc970dbf7245830b11f8da70e2ab83ce72b02d69af89e9efedf934f44,32
0.053466796875,,True,1,6.619560817023739,2.781874233856797,0.053466796875,mamba2,0.1845703125,8,0.26953125,,33048,0.26953125,123,128,screen500,500,variable,4f459ec700a8b329676adda91fb20fd5d90e56f9b9609f174e6971aa0510d01f,33048,660706acc970dbf7245830b11f8da70e2ab83ce72b02d69af89e9efedf934f44,32
0.053466796875,,True,2,16.449696340132505,2.7817008048295975,0.053466796875,mamba2,0.1845703125,8,0.26953125,,36760,0.26953125,123,128,screen500,500,variable,4f459ec700a8b329676adda91fb20fd5d90e56f9b9609f174e6971aa0510d01f,36760,660706acc970dbf7245830b11f8da70e2ab83ce72b02d69af89e9efedf934f44,32
0.053466796875,,True,3,17.460757200838998,2.7819391526281834,0.053466796875,mamba2,0.1845703125,8,0.26953125,,43584,0.26953125,123,128,screen500,500,variable,4f459ec700a8b329676adda91fb20fd5d90e56f9b9609f174e6971aa0510d01f,42048,660706acc970dbf7245830b11f8da70e2ab83ce72b02d69af89e9efedf934f44,32
0.053466796875,,True,4,18.040156536968425,2.781772630289197,0.053466796875,mamba2,0.1845703125,8,0.26953125,,48024,0.26953125,123,128,screen500,500,variable,4f459ec700a8b329676adda91fb20fd5d90e56f9b9609f174e6971aa0510d01f,44696,660706acc970dbf7245830b11f8da70e2ab83ce72b02d69af89e9efedf934f44,32
0.05810546875,,True,1,86.64666617894545,2.779126852750778,0.0,gdn,0.122314453125,16,0.12890625,,20200,,123,256,tiny,200,state,fe1f75d3b7d8423f6ca04558c88b312f823e4830c5213ddfa25c15ffaca18f60,20200,bdcfe2043853b435e3049d0be57c22808caaeefe498d49403ebca64abea550eb,32
0.05712890625,,True,3,74.23970475699753,2.77898071706295,0.0,gdn,0.122314453125,16,0.12890625,,31328,,123,256,tiny,200,state,fe1f75d3b7d8423f6ca04558c88b312f823e4830c5213ddfa25c15ffaca18f60,30304,bdcfe2043853b435e3049d0be57c22808caaeefe498d49403ebca64abea550eb,32
0.058349609375,,True,1,67.18303149892017,2.7766254916787148,0.0,mamba2,0.122314453125,16,0.12890625,,24856,,123,256,tiny,200,state,fe1f75d3b7d8423f6ca04558c88b312f823e4830c5213ddfa25c15ffaca18f60,24856,bdcfe2043853b435e3049d0be57c22808caaeefe498d49403ebca64abea550eb,32
0.057861328125,,True,3,31.934761939104646,2.777075618505478,0.0,mamba2,0.122314453125,16,0.12890625,,42768,,123,256,tiny,200,state,fe1f75d3b7d8423f6ca04558c88b312f823e4830c5213ddfa25c15ffaca18f60,40720,bdcfe2043853b435e3049d0be57c22808caaeefe498d49403ebca64abea550eb,32
0.059814453125,,True,1,24.231534199789166,2.7778705805540085,0.0,gdn,0.084228515625,64,0.091796875,,20200,,123,448,tiny,200,state,54776c1cc00141b51940fbaf45385be3860a5e12bd43737172fc451d2c39f8e1,20200,13c360b103e64e0e24206c077800100a2b1a0e7a543faa533e191f3b33198214,32
0.06201171875,,True,3,12.409767662640661,2.777568817138672,0.0,gdn,0.084228515625,64,0.091796875,,31328,,123,448,tiny,200,state,54776c1cc00141b51940fbaf45385be3860a5e12bd43737172fc451d2c39f8e1,30304,13c360b103e64e0e24206c077800100a2b1a0e7a543faa533e191f3b33198214,32
0.060546875,,True,1,19.126339773181826,2.776594139635563,0.0,mamba2,0.084228515625,64,0.091796875,,24856,,123,448,tiny,200,state,54776c1cc00141b51940fbaf45385be3860a5e12bd43737172fc451d2c39f8e1,24856,13c360b103e64e0e24206c077800100a2b1a0e7a543faa533e191f3b33198214,32
0.0615234375,,True,3,25.167645583860576,2.7764904126524925,0.0,mamba2,0.084228515625,64,0.091796875,,42768,,123,448,tiny,200,state,54776c1cc00141b51940fbaf45385be3860a5e12bd43737172fc451d2c39f8e1,40720,13c360b103e64e0e24206c077800100a2b1a0e7a543faa533e191f3b33198214,32
0.0673828125,,True,1,3.6528544451575726,2.7930970564484596,0.0673828125,gdn,0.091796875,32,0.1552734375,,28392,,123,256,tiny,200,variable,ea987d25c93f6a1badae9e89f6a436582c022fb18967b946ebba6f8482da9fd0,28392,0bc0223aa0dcc9b56c820e8a3f76a2cfae826c14f8aec35f8486c7d1c3831eed,32
0.0615234375,,True,3,9.633111316012219,2.799210950732231,0.0615234375,gdn,0.091796875,32,0.1552734375,,39520,,123,256,tiny,200,variable,ea987d25c93f6a1badae9e89f6a436582c022fb18967b946ebba6f8482da9fd0,38496,0bc0223aa0dcc9b56c820e8a3f76a2cfae826c14f8aec35f8486c7d1c3831eed,32
0.05078125,,True,1,2.6831286449451,2.7838837951421738,0.05078125,mamba2,0.091796875,32,0.1552734375,,33048,,123,256,tiny,200,variable,ea987d25c93f6a1badae9e89f6a436582c022fb18967b946ebba6f8482da9fd0,33048,0bc0223aa0dcc9b56c820e8a3f76a2cfae826c14f8aec35f8486c7d1c3831eed,32
0.05078125,,True,3,6.980725718894973,2.784164324402809,0.05078125,mamba2,0.091796875,32,0.1552734375,,50960,,123,256,tiny,200,variable,ea987d25c93f6a1badae9e89f6a436582c022fb18967b946ebba6f8482da9fd0,48912,0bc0223aa0dcc9b56c820e8a3f76a2cfae826c14f8aec35f8486c7d1c3831eed,32
0.0693359375,,True,1,4.196087951073423,2.78704883903265,0.0693359375,gdn,0.1787109375,8,0.255859375,,28392,,123,256,tiny,200,variable,8248337c345a7d9d93e3345e332033a7b20c7bdfa26497007c8f087d6889a3a3,28392,9e5934a70fe890a96a8cc29fdd098448955056822a9f59ad7cd19582d73b873d,32
0.064453125,,True,3,9.700584433041513,2.8037751242518425,0.064453125,gdn,0.1787109375,8,0.255859375,,39520,,123,256,tiny,200,variable,8248337c345a7d9d93e3345e332033a7b20c7bdfa26497007c8f087d6889a3a3,38496,9e5934a70fe890a96a8cc29fdd098448955056822a9f59ad7cd19582d73b873d,32
0.05078125,,True,1,27.028744735056534,2.7834593653678894,0.05078125,mamba2,0.1787109375,8,0.255859375,,33048,,123,256,tiny,200,variable,8248337c345a7d9d93e3345e332033a7b20c7bdfa26497007c8f087d6889a3a3,33048,9e5934a70fe890a96a8cc29fdd098448955056822a9f59ad7cd19582d73b873d,32
0.0556640625,,True,3,7.4896933699492365,2.7839085161685944,0.0556640625,mamba2,0.1787109375,8,0.255859375,,50960,,123,256,tiny,200,variable,8248337c345a7d9d93e3345e332033a7b20c7bdfa26497007c8f087d6889a3a3,48912,9e5934a70fe890a96a8cc29fdd098448955056822a9f59ad7cd19582d73b873d,32
0.05517578125,,True,1,18.114900669083,2.775623418390751,0.0,gdn,0.122314453125,16,0.12890625,,20200,,123,256,tiny1000,1000,state,fe1f75d3b7d8423f6ca04558c88b312f823e4830c5213ddfa25c15ffaca18f60,20200,bdcfe2043853b435e3049d0be57c22808caaeefe498d49403ebca64abea550eb,32
0.057373046875,,True,3,44.911830238066614,2.776186987757683,0.0,gdn,0.122314453125,16,0.12890625,,31328,,123,256,tiny1000,1000,state,fe1f75d3b7d8423f6ca04558c88b312f823e4830c5213ddfa25c15ffaca18f60,30304,bdcfe2043853b435e3049d0be57c22808caaeefe498d49403ebca64abea550eb,32
0.055908203125,,True,1,33.54702586028725,2.774848483502865,0.0,mamba2,0.122314453125,16,0.12890625,,24856,,123,256,tiny1000,1000,state,fe1f75d3b7d8423f6ca04558c88b312f823e4830c5213ddfa25c15ffaca18f60,24856,bdcfe2043853b435e3049d0be57c22808caaeefe498d49403ebca64abea550eb,32
0.056884765625,,True,3,33.63133771158755,2.7748950719833374,0.0,mamba2,0.122314453125,16,0.12890625,,42768,,123,256,tiny1000,1000,state,fe1f75d3b7d8423f6ca04558c88b312f823e4830c5213ddfa25c15ffaca18f60,40720,bdcfe2043853b435e3049d0be57c22808caaeefe498d49403ebca64abea550eb,32
0.0673828125,,True,1,18.38059197552502,2.775646820664406,0.0,gdn,0.084228515625,64,0.091796875,,20200,,123,448,tiny1000,1000,state,54776c1cc00141b51940fbaf45385be3860a5e12bd43737172fc451d2c39f8e1,20200,13c360b103e64e0e24206c077800100a2b1a0e7a543faa533e191f3b33198214,32
0.0673828125,,True,3,45.40489550307393,2.7756781056523323,0.0,gdn,0.084228515625,64,0.091796875,,31328,,123,448,tiny1000,1000,state,54776c1cc00141b51940fbaf45385be3860a5e12bd43737172fc451d2c39f8e1,30304,13c360b103e64e0e24206c077800100a2b1a0e7a543faa533e191f3b33198214,32
0.0673828125,,True,1,13.67223141528666,2.774881422519684,0.0,mamba2,0.084228515625,64,0.091796875,,24856,,123,448,tiny1000,1000,state,54776c1cc00141b51940fbaf45385be3860a5e12bd43737172fc451d2c39f8e1,24856,13c360b103e64e0e24206c077800100a2b1a0e7a543faa533e191f3b33198214,32
0.0673828125,,True,3,33.53604618180543,2.7748153805732727,0.0,mamba2,0.084228515625,64,0.091796875,,42768,,123,448,tiny1000,1000,state,54776c1cc00141b51940fbaf45385be3860a5e12bd43737172fc451d2c39f8e1,40720,13c360b103e64e0e24206c077800100a2b1a0e7a543faa533e191f3b33198214,32
0.0595703125,,True,1,17.42279313300969,2.780079983174801,0.0595703125,gdn,0.091796875,32,0.1552734375,,28392,,123,256,tiny1000,1000,variable,ea987d25c93f6a1badae9e89f6a436582c022fb18967b946ebba6f8482da9fd0,28392,0bc0223aa0dcc9b56c820e8a3f76a2cfae826c14f8aec35f8486c7d1c3831eed,32
0.0537109375,,True,3,45.757418475986924,2.780974045395851,0.0537109375,gdn,0.091796875,32,0.1552734375,,39520,,123,256,tiny1000,1000,variable,ea987d25c93f6a1badae9e89f6a436582c022fb18967b946ebba6f8482da9fd0,38496,0bc0223aa0dcc9b56c820e8a3f76a2cfae826c14f8aec35f8486c7d1c3831eed,32
0.06640625,,True,1,12.717672812985256,2.7768494710326195,0.06640625,mamba2,0.091796875,32,0.1552734375,,33048,,123,256,tiny1000,1000,variable,ea987d25c93f6a1badae9e89f6a436582c022fb18967b946ebba6f8482da9fd0,33048,0bc0223aa0dcc9b56c820e8a3f76a2cfae826c14f8aec35f8486c7d1c3831eed,32
0.0625,,True,3,33.60293528495822,2.776956222951412,0.0625,mamba2,0.091796875,32,0.1552734375,,50960,,123,256,tiny1000,1000,variable,ea987d25c93f6a1badae9e89f6a436582c022fb18967b946ebba6f8482da9fd0,48912,0bc0223aa0dcc9b56c820e8a3f76a2cfae826c14f8aec35f8486c7d1c3831eed,32
0.0712890625,,True,1,19.134018627984915,2.7754720896482468,0.0712890625,gdn,0.1787109375,8,0.255859375,,28392,,123,256,tiny1000,1000,variable,8248337c345a7d9d93e3345e332033a7b20c7bdfa26497007c8f087d6889a3a3,28392,9e5934a70fe890a96a8cc29fdd098448955056822a9f59ad7cd19582d73b873d,32
0.064453125,,True,3,46.75648478703806,2.775863856077194,0.064453125,gdn,0.1787109375,8,0.255859375,,39520,,123,256,tiny1000,1000,variable,8248337c345a7d9d93e3345e332033a7b20c7bdfa26497007c8f087d6889a3a3,38496,9e5934a70fe890a96a8cc29fdd098448955056822a9f59ad7cd19582d73b873d,32
0.0712890625,,True,1,36.598746990959626,2.773037552833557,0.0712890625,mamba2,0.1787109375,8,0.255859375,,33048,,123,256,tiny1000,1000,variable,8248337c345a7d9d93e3345e332033a7b20c7bdfa26497007c8f087d6889a3a3,33048,9e5934a70fe890a96a8cc29fdd098448955056822a9f59ad7cd19582d73b873d,32
0.0712890625,,True,3,34.766657529980876,2.7734218314290047,0.0712890625,mamba2,0.1787109375,8,0.255859375,,50960,,123,256,tiny1000,1000,variable,8248337c345a7d9d93e3345e332033a7b20c7bdfa26497007c8f087d6889a3a3,48912,9e5934a70fe890a96a8cc29fdd098448955056822a9f59ad7cd19582d73b873d,32
