task,sched,trained,seed,d,q,N0,T_train,T_eval,layout,D,acc,n_queries,pairs_in_G,steps,train_sec
mqar,none,none,0,2,23,23,1024,1024,uniform,0,0.12103271484375,16384,nan,7000,1582
mqar,none,none,0,2,23,23,1024,1024,placed,0,0.0906982421875,16384,0.0,7000,1582
mqar,none,none,0,2,23,23,1024,1024,placed,256,0.08990478515625,16384,0.0,7000,1582
mqar,none,none,0,2,23,23,1024,1024,placed,510,0.09185791015625,16384,0.0,7000,1582
mqar,none,none,0,2,23,23,1024,2048,uniform,0,0.1185302734375,8192,nan,7000,1582
mqar,none,none,0,2,23,23,1024,2048,placed,0,0.08837890625,8192,0.0,7000,1582
mqar,none,none,0,2,23,23,1024,2048,placed,256,0.0908203125,8192,0.0,7000,1582
mqar,none,none,0,2,23,23,1024,2048,placed,1024,0.088623046875,8192,0.0,7000,1582
mqar,none,none,0,2,23,23,1024,2048,placed,1534,0.0897216796875,8192,0.0,7000,1582
mqar,none,none,0,2,23,23,1024,4096,uniform,0,0.1181640625,4096,nan,7000,1582
mqar,none,none,0,2,23,23,1024,4096,placed,0,0.080810546875,4096,0.0,7000,1582
mqar,none,none,0,2,23,23,1024,4096,placed,256,0.082763671875,4096,0.0,7000,1582
mqar,none,none,0,2,23,23,1024,4096,placed,1024,0.07861328125,4096,0.0,7000,1582
mqar,none,none,0,2,23,23,1024,4096,placed,3072,0.082763671875,4096,0.0,7000,1582
mqar,none,none,0,2,23,23,1024,4096,placed,3582,0.079833984375,4096,0.0,7000,1582
mqar,none,none,0,2,23,23,1024,8192,uniform,0,0.09765625,2048,nan,7000,1582
mqar,none,none,0,2,23,23,1024,8192,placed,0,0.0732421875,2048,0.0,7000,1582
mqar,none,none,0,2,23,23,1024,8192,placed,256,0.0732421875,2048,0.0,7000,1582
mqar,none,none,0,2,23,23,1024,8192,placed,1024,0.06640625,2048,0.0,7000,1582
mqar,none,none,0,2,23,23,1024,8192,placed,3072,0.07421875,2048,0.0,7000,1582
mqar,none,none,0,2,23,23,1024,8192,placed,7678,0.0615234375,2048,0.0,7000,1582
mqar,none,none,1,2,23,23,1024,1024,uniform,0,0.23858642578125,16384,nan,7000,1614
mqar,none,none,1,2,23,23,1024,1024,placed,0,0.18768310546875,16384,0.0,7000,1614
mqar,none,none,1,2,23,23,1024,1024,placed,256,0.18511962890625,16384,0.0,7000,1614
mqar,none,none,1,2,23,23,1024,1024,placed,510,0.18658447265625,16384,0.0,7000,1614
mqar,none,none,1,2,23,23,1024,2048,uniform,0,0.2486572265625,8192,nan,7000,1614
mqar,none,none,1,2,23,23,1024,2048,placed,0,0.189453125,8192,0.0,7000,1614
mqar,none,none,1,2,23,23,1024,2048,placed,256,0.18896484375,8192,0.0,7000,1614
mqar,none,none,1,2,23,23,1024,2048,placed,1024,0.1868896484375,8192,0.0,7000,1614
mqar,none,none,1,2,23,23,1024,2048,placed,1534,0.182373046875,8192,0.0,7000,1614
mqar,none,none,1,2,23,23,1024,4096,uniform,0,0.22802734375,4096,nan,7000,1614
mqar,none,none,1,2,23,23,1024,4096,placed,0,0.18310546875,4096,0.0,7000,1614
mqar,none,none,1,2,23,23,1024,4096,placed,256,0.177978515625,4096,0.0,7000,1614
mqar,none,none,1,2,23,23,1024,4096,placed,1024,0.17822265625,4096,0.0,7000,1614
mqar,none,none,1,2,23,23,1024,4096,placed,3072,0.180908203125,4096,0.0,7000,1614
mqar,none,none,1,2,23,23,1024,4096,placed,3582,0.17431640625,4096,0.0,7000,1614
mqar,none,none,1,2,23,23,1024,8192,uniform,0,0.21923828125,2048,nan,7000,1614
mqar,none,none,1,2,23,23,1024,8192,placed,0,0.154296875,2048,0.0,7000,1614
mqar,none,none,1,2,23,23,1024,8192,placed,256,0.13818359375,2048,0.0,7000,1614
mqar,none,none,1,2,23,23,1024,8192,placed,1024,0.15234375,2048,0.0,7000,1614
mqar,none,none,1,2,23,23,1024,8192,placed,3072,0.14599609375,2048,0.0,7000,1614
mqar,none,none,1,2,23,23,1024,8192,placed,7678,0.1318359375,2048,0.0,7000,1614
mqar,dbl,dbl,0,2,23,23,1024,1024,uniform,0,0.7784423828125,16384,nan,7000,2377
mqar,dbl,dbl,0,2,23,23,1024,1024,placed,0,0.53460693359375,16384,0.0,7000,2377
mqar,dbl,dbl,0,2,23,23,1024,1024,placed,256,0.53216552734375,16384,0.0,7000,2377
mqar,dbl,dbl,0,2,23,23,1024,1024,placed,510,0.99603271484375,16384,0.0,7000,2377
mqar,dbl,dbl,0,2,23,23,1024,2048,uniform,0,0.679443359375,8192,nan,7000,2377
mqar,dbl,dbl,0,2,23,23,1024,2048,placed,0,0.336181640625,8192,0.0,7000,2377
mqar,dbl,dbl,0,2,23,23,1024,2048,placed,256,0.33056640625,8192,0.0,7000,2377
mqar,dbl,dbl,0,2,23,23,1024,2048,placed,1024,0.333251953125,8192,0.0,7000,2377
mqar,dbl,dbl,0,2,23,23,1024,2048,placed,1534,0.989501953125,8192,1.0,7000,2377
mqar,dbl,dbl,0,2,23,23,1024,4096,uniform,0,0.609619140625,4096,nan,7000,2377
mqar,dbl,dbl,0,2,23,23,1024,4096,placed,0,0.312255859375,4096,0.0,7000,2377
mqar,dbl,dbl,0,2,23,23,1024,4096,placed,256,0.3095703125,4096,0.0,7000,2377
mqar,dbl,dbl,0,2,23,23,1024,4096,placed,1024,0.3095703125,4096,0.0,7000,2377
mqar,dbl,dbl,0,2,23,23,1024,4096,placed,3072,0.89794921875,4096,1.0,7000,2377
mqar,dbl,dbl,0,2,23,23,1024,4096,placed,3582,0.9638671875,4096,1.0,7000,2377
mqar,dbl,dbl,0,2,23,23,1024,8192,uniform,0,0.556640625,2048,nan,7000,2377
mqar,dbl,dbl,0,2,23,23,1024,8192,placed,0,0.263671875,2048,0.0,7000,2377
mqar,dbl,dbl,0,2,23,23,1024,8192,placed,256,0.25830078125,2048,0.0,7000,2377
mqar,dbl,dbl,0,2,23,23,1024,8192,placed,1024,0.26611328125,2048,0.0,7000,2377
mqar,dbl,dbl,0,2,23,23,1024,8192,placed,3072,0.25341796875,2048,0.0,7000,2377
mqar,dbl,dbl,0,2,23,23,1024,8192,placed,7678,0.9169921875,2048,1.0,7000,2377
mqar,dbl,dbl,1,2,23,23,1024,1024,uniform,0,0.7525634765625,16384,nan,7000,2413
mqar,dbl,dbl,1,2,23,23,1024,1024,placed,0,0.497314453125,16384,0.0,7000,2413
mqar,dbl,dbl,1,2,23,23,1024,1024,placed,256,0.5137939453125,16384,0.0,7000,2413
mqar,dbl,dbl,1,2,23,23,1024,1024,placed,510,0.9967041015625,16384,0.0,7000,2413
mqar,dbl,dbl,1,2,23,23,1024,2048,uniform,0,0.6490478515625,8192,nan,7000,2413
mqar,dbl,dbl,1,2,23,23,1024,2048,placed,0,0.3062744140625,8192,0.0,7000,2413
mqar,dbl,dbl,1,2,23,23,1024,2048,placed,256,0.3011474609375,8192,0.0,7000,2413
mqar,dbl,dbl,1,2,23,23,1024,2048,placed,1024,0.304443359375,8192,0.0,7000,2413
mqar,dbl,dbl,1,2,23,23,1024,2048,placed,1534,0.996826171875,8192,1.0,7000,2413
mqar,dbl,dbl,1,2,23,23,1024,4096,uniform,0,0.6220703125,4096,nan,7000,2413
mqar,dbl,dbl,1,2,23,23,1024,4096,placed,0,0.27685546875,4096,0.0,7000,2413
mqar,dbl,dbl,1,2,23,23,1024,4096,placed,256,0.28076171875,4096,0.0,7000,2413
mqar,dbl,dbl,1,2,23,23,1024,4096,placed,1024,0.27783203125,4096,0.0,7000,2413
mqar,dbl,dbl,1,2,23,23,1024,4096,placed,3072,0.939208984375,4096,1.0,7000,2413
mqar,dbl,dbl,1,2,23,23,1024,4096,placed,3582,0.970458984375,4096,1.0,7000,2413
mqar,dbl,dbl,1,2,23,23,1024,8192,uniform,0,0.529296875,2048,nan,7000,2413
mqar,dbl,dbl,1,2,23,23,1024,8192,placed,0,0.1884765625,2048,0.0,7000,2413
mqar,dbl,dbl,1,2,23,23,1024,8192,placed,256,0.21435546875,2048,0.0,7000,2413
mqar,dbl,dbl,1,2,23,23,1024,8192,placed,1024,0.2041015625,2048,0.0,7000,2413
mqar,dbl,dbl,1,2,23,23,1024,8192,placed,3072,0.1923828125,2048,0.0,7000,2413
mqar,dbl,dbl,1,2,23,23,1024,8192,placed,7678,0.8798828125,2048,1.0,7000,2413
mqar,half,half,0,2,23,23,1024,1024,uniform,0,0.94451904296875,16384,nan,7000,2453
mqar,half_oracle,half,0,2,23,23,1024,1024,uniform,0,0.9495849609375,16384,nan,7000,2453
mqar,half,half,0,2,23,23,1024,1024,placed,0,0.69854736328125,16384,0.0,7000,2453
mqar,half_oracle,half,0,2,23,23,1024,1024,placed,0,0.6968994140625,16384,0.0,7000,2453
mqar,half,half,0,2,23,23,1024,1024,placed,256,1.0,16384,1.0,7000,2453
mqar,half_oracle,half,0,2,23,23,1024,1024,placed,256,0.99993896484375,16384,1.0,7000,2453
mqar,half,half,0,2,23,23,1024,1024,placed,510,1.0,16384,1.0,7000,2453
mqar,half_oracle,half,0,2,23,23,1024,1024,placed,510,1.0,16384,1.0,7000,2453
mqar,half,half,0,2,23,23,1024,2048,uniform,0,0.808349609375,8192,nan,7000,2453
mqar,half_oracle,half,0,2,23,23,1024,2048,uniform,0,0.902099609375,8192,nan,7000,2453
mqar,half,half,0,2,23,23,1024,2048,placed,0,0.4940185546875,8192,0.0,7000,2453
mqar,half_oracle,half,0,2,23,23,1024,2048,placed,0,0.51904296875,8192,0.0,7000,2453
mqar,half,half,0,2,23,23,1024,2048,placed,256,0.5076904296875,8192,0.0,7000,2453
mqar,half_oracle,half,0,2,23,23,1024,2048,placed,256,0.5433349609375,8192,0.0,7000,2453
mqar,half,half,0,2,23,23,1024,2048,placed,1024,0.52685546875,8192,0.0,7000,2453
mqar,half_oracle,half,0,2,23,23,1024,2048,placed,1024,0.9998779296875,8192,1.0,7000,2453
mqar,half,half,0,2,23,23,1024,2048,placed,1534,1.0,8192,1.0,7000,2453
mqar,half_oracle,half,0,2,23,23,1024,2048,placed,1534,1.0,8192,1.0,7000,2453
mqar,half,half,0,2,23,23,1024,4096,uniform,0,0.677001953125,4096,nan,7000,2453
mqar,half_oracle,half,0,2,23,23,1024,4096,uniform,0,0.86376953125,4096,nan,7000,2453
mqar,half,half,0,2,23,23,1024,4096,placed,0,0.47314453125,4096,0.0,7000,2453
mqar,half_oracle,half,0,2,23,23,1024,4096,placed,0,0.494140625,4096,0.0,7000,2453
mqar,half,half,0,2,23,23,1024,4096,placed,256,0.46875,4096,0.0,7000,2453
mqar,half_oracle,half,0,2,23,23,1024,4096,placed,256,0.47998046875,4096,0.0,7000,2453
mqar,half,half,0,2,23,23,1024,4096,placed,1024,0.478759765625,4096,0.0,7000,2453
mqar,half_oracle,half,0,2,23,23,1024,4096,placed,1024,0.4892578125,4096,0.0,7000,2453
mqar,half,half,0,2,23,23,1024,4096,placed,3072,0.481689453125,4096,0.0,7000,2453
mqar,half_oracle,half,0,2,23,23,1024,4096,placed,3072,1.0,4096,1.0,7000,2453
mqar,half,half,0,2,23,23,1024,4096,placed,3582,1.0,4096,1.0,7000,2453
mqar,half_oracle,half,0,2,23,23,1024,4096,placed,3582,1.0,4096,1.0,7000,2453
mqar,half,half,0,2,23,23,1024,8192,uniform,0,0.56787109375,2048,nan,7000,2453
mqar,half_oracle,half,0,2,23,23,1024,8192,uniform,0,0.84521484375,2048,nan,7000,2453
mqar,half,half,0,2,23,23,1024,8192,placed,0,0.41357421875,2048,0.0,7000,2453
mqar,half_oracle,half,0,2,23,23,1024,8192,placed,0,0.45751953125,2048,0.0,7000,2453
mqar,half,half,0,2,23,23,1024,8192,placed,256,0.39208984375,2048,0.0,7000,2453
mqar,half_oracle,half,0,2,23,23,1024,8192,placed,256,0.4326171875,2048,0.0,7000,2453
mqar,half,half,0,2,23,23,1024,8192,placed,1024,0.40771484375,2048,0.0,7000,2453
mqar,half_oracle,half,0,2,23,23,1024,8192,placed,1024,0.4609375,2048,0.0,7000,2453
mqar,half,half,0,2,23,23,1024,8192,placed,3072,0.40380859375,2048,0.0,7000,2453
mqar,half_oracle,half,0,2,23,23,1024,8192,placed,3072,0.4423828125,2048,0.0,7000,2453
mqar,half,half,0,2,23,23,1024,8192,placed,7678,0.9990234375,2048,1.0,7000,2453
mqar,half_oracle,half,0,2,23,23,1024,8192,placed,7678,1.0,2048,1.0,7000,2453
mqar,win4,win4,0,2,23,23,1024,1024,uniform,0,0.82598876953125,16384,nan,7000,2468
mqar,win4,win4,0,2,23,23,1024,1024,placed,0,0.47308349609375,16384,0.0,7000,2468
mqar,win4,win4,0,2,23,23,1024,1024,placed,256,0.999755859375,16384,1.0,7000,2468
mqar,win4,win4,0,2,23,23,1024,1024,placed,510,0.99981689453125,16384,1.0,7000,2468
mqar,win4,win4,0,2,23,23,1024,2048,uniform,0,0.9405517578125,8192,nan,7000,2468
mqar,win4,win4,0,2,23,23,1024,2048,placed,0,0.3856201171875,8192,0.0,7000,2468
mqar,win4,win4,0,2,23,23,1024,2048,placed,256,0.9927978515625,8192,1.0,7000,2468
mqar,win4,win4,0,2,23,23,1024,2048,placed,1024,0.991943359375,8192,1.0,7000,2468
mqar,win4,win4,0,2,23,23,1024,2048,placed,1534,0.993408203125,8192,1.0,7000,2468
mqar,win4,win4,0,2,23,23,1024,4096,uniform,0,0.962890625,4096,nan,7000,2468
mqar,win4,win4,0,2,23,23,1024,4096,placed,0,0.312744140625,4096,0.0,7000,2468
mqar,win4,win4,0,2,23,23,1024,4096,placed,256,0.982666015625,4096,1.0,7000,2468
mqar,win4,win4,0,2,23,23,1024,4096,placed,1024,0.985107421875,4096,1.0,7000,2468
mqar,win4,win4,0,2,23,23,1024,4096,placed,3072,0.986572265625,4096,1.0,7000,2468
mqar,win4,win4,0,2,23,23,1024,4096,placed,3582,0.9853515625,4096,1.0,7000,2468
mqar,win4,win4,0,2,23,23,1024,8192,uniform,0,0.9794921875,2048,nan,7000,2468
mqar,win4,win4,0,2,23,23,1024,8192,placed,0,0.263671875,2048,0.0,7000,2468
mqar,win4,win4,0,2,23,23,1024,8192,placed,256,0.947265625,2048,1.0,7000,2468
mqar,win4,win4,0,2,23,23,1024,8192,placed,1024,0.94384765625,2048,1.0,7000,2468
mqar,win4,win4,0,2,23,23,1024,8192,placed,3072,0.947265625,2048,1.0,7000,2468
mqar,win4,win4,0,2,23,23,1024,8192,placed,7678,0.9462890625,2048,1.0,7000,2468
mqar,win4,win4,1,2,23,23,1024,1024,uniform,0,0.79669189453125,16384,nan,7000,2481
mqar,win4,win4,1,2,23,23,1024,1024,placed,0,0.41424560546875,16384,0.0,7000,2481
mqar,win4,win4,1,2,23,23,1024,1024,placed,256,0.9998779296875,16384,1.0,7000,2481
mqar,win4,win4,1,2,23,23,1024,1024,placed,510,0.99981689453125,16384,1.0,7000,2481
mqar,win4,win4,1,2,23,23,1024,2048,uniform,0,0.921142578125,8192,nan,7000,2481
mqar,win4,win4,1,2,23,23,1024,2048,placed,0,0.3514404296875,8192,0.0,7000,2481
mqar,win4,win4,1,2,23,23,1024,2048,placed,256,0.98828125,8192,1.0,7000,2481
mqar,win4,win4,1,2,23,23,1024,2048,placed,1024,0.9920654296875,8192,1.0,7000,2481
mqar,win4,win4,1,2,23,23,1024,2048,placed,1534,0.995849609375,8192,1.0,7000,2481
mqar,win4,win4,1,2,23,23,1024,4096,uniform,0,0.961181640625,4096,nan,7000,2481
mqar,win4,win4,1,2,23,23,1024,4096,placed,0,0.27001953125,4096,0.0,7000,2481
mqar,win4,win4,1,2,23,23,1024,4096,placed,256,0.985107421875,4096,1.0,7000,2481
mqar,win4,win4,1,2,23,23,1024,4096,placed,1024,0.985107421875,4096,1.0,7000,2481
mqar,win4,win4,1,2,23,23,1024,4096,placed,3072,0.990966796875,4096,1.0,7000,2481
mqar,win4,win4,1,2,23,23,1024,4096,placed,3582,0.99462890625,4096,1.0,7000,2481
mqar,win4,win4,1,2,23,23,1024,8192,uniform,0,0.984375,2048,nan,7000,2481
mqar,win4,win4,1,2,23,23,1024,8192,placed,0,0.24609375,2048,0.0,7000,2481
mqar,win4,win4,1,2,23,23,1024,8192,placed,256,0.98193359375,2048,1.0,7000,2481
mqar,win4,win4,1,2,23,23,1024,8192,placed,1024,0.97607421875,2048,1.0,7000,2481
mqar,win4,win4,1,2,23,23,1024,8192,placed,3072,0.97705078125,2048,1.0,7000,2481
mqar,win4,win4,1,2,23,23,1024,8192,placed,7678,0.9970703125,2048,1.0,7000,2481
mqar,half,half,1,2,23,23,1024,1024,uniform,0,0.9273681640625,16384,nan,7000,2478
mqar,half_oracle,half,1,2,23,23,1024,1024,uniform,0,0.9267578125,16384,nan,7000,2478
mqar,half,half,1,2,23,23,1024,1024,placed,0,0.617431640625,16384,0.0,7000,2478
mqar,half_oracle,half,1,2,23,23,1024,1024,placed,0,0.6209716796875,16384,0.0,7000,2478
mqar,half,half,1,2,23,23,1024,1024,placed,256,1.0,16384,1.0,7000,2478
mqar,half_oracle,half,1,2,23,23,1024,1024,placed,256,1.0,16384,1.0,7000,2478
mqar,half,half,1,2,23,23,1024,1024,placed,510,1.0,16384,1.0,7000,2478
mqar,half_oracle,half,1,2,23,23,1024,1024,placed,510,1.0,16384,1.0,7000,2478
mqar,half,half,1,2,23,23,1024,2048,uniform,0,0.8211669921875,8192,nan,7000,2478
mqar,half_oracle,half,1,2,23,23,1024,2048,uniform,0,0.8966064453125,8192,nan,7000,2478
mqar,half,half,1,2,23,23,1024,2048,placed,0,0.5399169921875,8192,0.0,7000,2478
mqar,half_oracle,half,1,2,23,23,1024,2048,placed,0,0.541748046875,8192,0.0,7000,2478
mqar,half,half,1,2,23,23,1024,2048,placed,256,0.539794921875,8192,0.0,7000,2478
mqar,half_oracle,half,1,2,23,23,1024,2048,placed,256,0.5357666015625,8192,0.0,7000,2478
mqar,half,half,1,2,23,23,1024,2048,placed,1024,0.5218505859375,8192,0.0,7000,2478
mqar,half_oracle,half,1,2,23,23,1024,2048,placed,1024,1.0,8192,1.0,7000,2478
mqar,half,half,1,2,23,23,1024,2048,placed,1534,1.0,8192,1.0,7000,2478
mqar,half_oracle,half,1,2,23,23,1024,2048,placed,1534,1.0,8192,1.0,7000,2478
mqar,half,half,1,2,23,23,1024,4096,uniform,0,0.700439453125,4096,nan,7000,2478
mqar,half_oracle,half,1,2,23,23,1024,4096,uniform,0,0.879150390625,4096,nan,7000,2478
mqar,half,half,1,2,23,23,1024,4096,placed,0,0.4814453125,4096,0.0,7000,2478
mqar,half_oracle,half,1,2,23,23,1024,4096,placed,0,0.48583984375,4096,0.0,7000,2478
mqar,half,half,1,2,23,23,1024,4096,placed,256,0.496337890625,4096,0.0,7000,2478
mqar,half_oracle,half,1,2,23,23,1024,4096,placed,256,0.503173828125,4096,0.0,7000,2478
mqar,half,half,1,2,23,23,1024,4096,placed,1024,0.472900390625,4096,0.0,7000,2478
mqar,half_oracle,half,1,2,23,23,1024,4096,placed,1024,0.48974609375,4096,0.0,7000,2478
mqar,half,half,1,2,23,23,1024,4096,placed,3072,0.472900390625,4096,0.0,7000,2478
mqar,half_oracle,half,1,2,23,23,1024,4096,placed,3072,0.9970703125,4096,1.0,7000,2478
mqar,half,half,1,2,23,23,1024,4096,placed,3582,0.997314453125,4096,1.0,7000,2478
mqar,half_oracle,half,1,2,23,23,1024,4096,placed,3582,0.998046875,4096,1.0,7000,2478
mqar,half,half,1,2,23,23,1024,8192,uniform,0,0.5986328125,2048,nan,7000,2478
mqar,half_oracle,half,1,2,23,23,1024,8192,uniform,0,0.8681640625,2048,nan,7000,2478
mqar,half,half,1,2,23,23,1024,8192,placed,0,0.46533203125,2048,0.0,7000,2478
mqar,half_oracle,half,1,2,23,23,1024,8192,placed,0,0.47607421875,2048,0.0,7000,2478
mqar,half,half,1,2,23,23,1024,8192,placed,256,0.4765625,2048,0.0,7000,2478
mqar,half_oracle,half,1,2,23,23,1024,8192,placed,256,0.47265625,2048,0.0,7000,2478
mqar,half,half,1,2,23,23,1024,8192,placed,1024,0.447265625,2048,0.0,7000,2478
mqar,half_oracle,half,1,2,23,23,1024,8192,placed,1024,0.47509765625,2048,0.0,7000,2478
mqar,half,half,1,2,23,23,1024,8192,placed,3072,0.43798828125,2048,0.0,7000,2478
mqar,half_oracle,half,1,2,23,23,1024,8192,placed,3072,0.46630859375,2048,0.0,7000,2478
mqar,half,half,1,2,23,23,1024,8192,placed,7678,0.99462890625,2048,1.0,7000,2478
mqar,half_oracle,half,1,2,23,23,1024,8192,placed,7678,0.99609375,2048,1.0,7000,2478
mqar,win8,win8,0,2,23,23,1024,1024,uniform,0,0.98931884765625,16384,nan,7000,2549
mqar,win8,win8,0,2,23,23,1024,1024,placed,0,0.950927734375,16384,0.5,7000,2549
mqar,win8,win8,0,2,23,23,1024,1024,placed,256,1.0,16384,1.0,7000,2549
mqar,win8,win8,0,2,23,23,1024,1024,placed,510,1.0,16384,1.0,7000,2549
mqar,win8,win8,0,2,23,23,1024,2048,uniform,0,0.99853515625,8192,nan,7000,2549
mqar,win8,win8,0,2,23,23,1024,2048,placed,0,0.9544677734375,8192,0.5,7000,2549
mqar,win8,win8,0,2,23,23,1024,2048,placed,256,1.0,8192,1.0,7000,2549
mqar,win8,win8,0,2,23,23,1024,2048,placed,1024,1.0,8192,1.0,7000,2549
mqar,win8,win8,0,2,23,23,1024,2048,placed,1534,1.0,8192,1.0,7000,2549
mqar,win8,win8,0,2,23,23,1024,4096,uniform,0,0.999755859375,4096,nan,7000,2549
mqar,win8,win8,0,2,23,23,1024,4096,placed,0,0.947998046875,4096,0.5,7000,2549
mqar,win8,win8,0,2,23,23,1024,4096,placed,256,1.0,4096,1.0,7000,2549
mqar,win8,win8,0,2,23,23,1024,4096,placed,1024,1.0,4096,1.0,7000,2549
mqar,win8,win8,0,2,23,23,1024,4096,placed,3072,1.0,4096,1.0,7000,2549
mqar,win8,win8,0,2,23,23,1024,4096,placed,3582,1.0,4096,1.0,7000,2549
mqar,win8,win8,0,2,23,23,1024,8192,uniform,0,1.0,2048,nan,7000,2549
mqar,win8,win8,0,2,23,23,1024,8192,placed,0,0.93212890625,2048,0.5,7000,2549
mqar,win8,win8,0,2,23,23,1024,8192,placed,256,1.0,2048,1.0,7000,2549
mqar,win8,win8,0,2,23,23,1024,8192,placed,1024,1.0,2048,1.0,7000,2549
mqar,win8,win8,0,2,23,23,1024,8192,placed,3072,1.0,2048,1.0,7000,2549
mqar,win8,win8,0,2,23,23,1024,8192,placed,7678,1.0,2048,1.0,7000,2549
mqar,win8,win8,1,2,23,23,1024,1024,uniform,0,0.93499755859375,16384,nan,7000,2566
mqar,win8,win8,1,2,23,23,1024,1024,placed,0,0.8861083984375,16384,0.5,7000,2566
mqar,win8,win8,1,2,23,23,1024,1024,placed,256,0.99969482421875,16384,1.0,7000,2566
mqar,win8,win8,1,2,23,23,1024,1024,placed,510,0.99981689453125,16384,1.0,7000,2566
mqar,win8,win8,1,2,23,23,1024,2048,uniform,0,0.9798583984375,8192,nan,7000,2566
mqar,win8,win8,1,2,23,23,1024,2048,placed,0,0.885009765625,8192,0.5,7000,2566
mqar,win8,win8,1,2,23,23,1024,2048,placed,256,0.9901123046875,8192,1.0,7000,2566
mqar,win8,win8,1,2,23,23,1024,2048,placed,1024,0.9959716796875,8192,1.0,7000,2566
mqar,win8,win8,1,2,23,23,1024,2048,placed,1534,0.992919921875,8192,1.0,7000,2566
mqar,win8,win8,1,2,23,23,1024,4096,uniform,0,0.8779296875,4096,nan,7000,2566
mqar,win8,win8,1,2,23,23,1024,4096,placed,0,0.792236328125,4096,0.5,7000,2566
mqar,win8,win8,1,2,23,23,1024,4096,placed,256,0.836669921875,4096,1.0,7000,2566
mqar,win8,win8,1,2,23,23,1024,4096,placed,1024,0.853271484375,4096,1.0,7000,2566
mqar,win8,win8,1,2,23,23,1024,4096,placed,3072,0.898681640625,4096,1.0,7000,2566
mqar,win8,win8,1,2,23,23,1024,4096,placed,3582,0.8935546875,4096,1.0,7000,2566
mqar,win8,win8,1,2,23,23,1024,8192,uniform,0,0.74267578125,2048,nan,7000,2566
mqar,win8,win8,1,2,23,23,1024,8192,placed,0,0.529296875,2048,0.5,7000,2566
mqar,win8,win8,1,2,23,23,1024,8192,placed,256,0.56005859375,2048,1.0,7000,2566
mqar,win8,win8,1,2,23,23,1024,8192,placed,1024,0.56591796875,2048,1.0,7000,2566
mqar,win8,win8,1,2,23,23,1024,8192,placed,3072,0.5625,2048,1.0,7000,2566
mqar,win8,win8,1,2,23,23,1024,8192,placed,7678,0.61328125,2048,1.0,7000,2566
