task,family,width,d,split,cell,n,seeds,mean,std
joint,gdn_current,64,1,test,c1-k4,5,"[123, 1, 2, 3, 4]",99.935,0.11009583893136463
joint,gdn_current,64,1,test,c16-k16,5,"[123, 1, 2, 3, 4]",25.30388671875,7.011237871482945
joint,gdn_current,64,1,test,c2-k8,5,"[123, 1, 2, 3, 4]",93.5703125,4.6041115340072
joint,gdn_current,64,1,test,c32-k16,5,"[123, 1, 2, 3, 4]",18.204042968750002,4.353130000098562
joint,gdn_current,64,1,test,c8-k16,5,"[123, 1, 2, 3, 4]",36.30765625,11.04670616476272
joint,gdn_current,64,1,test,macro,5,"[123, 1, 2, 3, 4]",54.6641796875,5.211451571014161
joint,gdn_current,64,1,validation,c1-k4,5,"[123, 1, 2, 3, 4]",99.9525,0.06459005341381725
joint,gdn_current,64,1,validation,c16-k16,5,"[123, 1, 2, 3, 4]",25.257890624999998,7.072145300742601
joint,gdn_current,64,1,validation,c2-k8,5,"[123, 1, 2, 3, 4]",93.519375,4.57632131704877
joint,gdn_current,64,1,validation,c32-k16,5,"[123, 1, 2, 3, 4]",18.18896484375,4.365187225565068
joint,gdn_current,64,1,validation,c8-k16,5,"[123, 1, 2, 3, 4]",36.253984375,11.02231158705686
joint,gdn_current,64,1,validation,macro,5,"[123, 1, 2, 3, 4]",54.63454296875,5.215031452607121
joint,gdn_current,64,2,test,c1-k4,5,"[123, 1, 2, 3, 4]",99.685,0.22705657334682045
joint,gdn_current,64,2,test,c16-k16,5,"[123, 1, 2, 3, 4]",20.4837109375,10.394319713070013
joint,gdn_current,64,2,test,c2-k8,5,"[123, 1, 2, 3, 4]",86.48125,10.184106269467756
joint,gdn_current,64,2,test,c32-k16,5,"[123, 1, 2, 3, 4]",13.525273437500001,4.425215974833498
joint,gdn_current,64,2,test,c8-k16,5,"[123, 1, 2, 3, 4]",25.198203125,5.44745250518388
joint,gdn_current,64,2,test,macro,5,"[123, 1, 2, 3, 4]",49.074687499999996,4.7629949517610735
joint,gdn_current,64,2,validation,c1-k4,5,"[123, 1, 2, 3, 4]",99.69500000000001,0.270214035534795
joint,gdn_current,64,2,validation,c16-k16,5,"[123, 1, 2, 3, 4]",20.505859375,10.40563569417946
joint,gdn_current,64,2,validation,c2-k8,5,"[123, 1, 2, 3, 4]",86.359375,10.144930230169159
joint,gdn_current,64,2,validation,c32-k16,5,"[123, 1, 2, 3, 4]",13.5078125,4.43115048101717
joint,gdn_current,64,2,validation,c8-k16,5,"[123, 1, 2, 3, 4]",25.19859375,5.443011372644226
joint,gdn_current,64,2,validation,macro,5,"[123, 1, 2, 3, 4]",49.053328125,4.75883073689876
joint,gdn_current,64,3,test,c1-k4,5,"[123, 1, 2, 3, 4]",99.81,0.16145094069096952
joint,gdn_current,64,3,test,c16-k16,5,"[123, 1, 2, 3, 4]",30.113203125000002,6.614199137890544
joint,gdn_current,64,3,test,c2-k8,5,"[123, 1, 2, 3, 4]",91.19125,4.433676637441053
joint,gdn_current,64,3,test,c32-k16,5,"[123, 1, 2, 3, 4]",22.613583984375,4.814774116558515
joint,gdn_current,64,3,test,c8-k16,5,"[123, 1, 2, 3, 4]",40.5298046875,7.9060278923590666
joint,gdn_current,64,3,test,macro,5,"[123, 1, 2, 3, 4]",56.85156835937501,4.5964211799598775
joint,gdn_current,64,3,validation,c1-k4,5,"[123, 1, 2, 3, 4]",99.83,0.15476797149281463
joint,gdn_current,64,3,validation,c16-k16,5,"[123, 1, 2, 3, 4]",30.111562499999998,6.586682520311917
joint,gdn_current,64,3,validation,c2-k8,5,"[123, 1, 2, 3, 4]",91.299375,4.498689262232389
joint,gdn_current,64,3,validation,c32-k16,5,"[123, 1, 2, 3, 4]",22.5994921875,4.811047828551544
joint,gdn_current,64,3,validation,c8-k16,5,"[123, 1, 2, 3, 4]",40.476015625,7.895370815234616
joint,gdn_current,64,3,validation,macro,5,"[123, 1, 2, 3, 4]",56.8632890625,4.592224000801425
joint,gdn_current,64,4,test,c1-k4,5,"[123, 1, 2, 3, 4]",99.83625,0.18897337775464387
joint,gdn_current,64,4,test,c16-k16,5,"[123, 1, 2, 3, 4]",33.2183984375,8.64018385344942
joint,gdn_current,64,4,test,c2-k8,5,"[123, 1, 2, 3, 4]",92.6578125,6.922822751848816
joint,gdn_current,64,4,test,c32-k16,5,"[123, 1, 2, 3, 4]",24.813466796875,7.743800417679769
joint,gdn_current,64,4,test,c8-k16,5,"[123, 1, 2, 3, 4]",51.223828125000004,13.309101387287239
joint,gdn_current,64,4,test,macro,5,"[123, 1, 2, 3, 4]",60.349951171875,7.091628674715424
joint,gdn_current,64,4,validation,c1-k4,5,"[123, 1, 2, 3, 4]",99.82,0.17712989583918634
joint,gdn_current,64,4,validation,c16-k16,5,"[123, 1, 2, 3, 4]",33.2,8.656946763183289
joint,gdn_current,64,4,validation,c2-k8,5,"[123, 1, 2, 3, 4]",92.788125,6.870516435738292
joint,gdn_current,64,4,validation,c32-k16,5,"[123, 1, 2, 3, 4]",24.80162109375,7.762331025684789
joint,gdn_current,64,4,validation,c8-k16,5,"[123, 1, 2, 3, 4]",51.16109375,13.412693566510287
joint,gdn_current,64,4,validation,macro,5,"[123, 1, 2, 3, 4]",60.354167968750005,7.102688977811341
joint,mamba2,64,1,test,c1-k4,5,"[123, 1, 2, 3, 4]",98.345,2.7597851478874214
joint,mamba2,64,1,test,c16-k16,5,"[123, 1, 2, 3, 4]",39.19,22.573247899386512
joint,mamba2,64,1,test,c2-k8,5,"[123, 1, 2, 3, 4]",83.896875,24.05492111266067
joint,mamba2,64,1,test,c32-k16,5,"[123, 1, 2, 3, 4]",27.579443359375002,14.905239579525253
joint,mamba2,64,1,test,c8-k16,5,"[123, 1, 2, 3, 4]",52.200078125000005,29.097471063256837
joint,mamba2,64,1,test,macro,5,"[123, 1, 2, 3, 4]",60.242279296875004,17.975988415667874
joint,mamba2,64,1,validation,c1-k4,5,"[123, 1, 2, 3, 4]",98.42999999999999,2.726527668115616
joint,mamba2,64,1,validation,c16-k16,5,"[123, 1, 2, 3, 4]",39.1496484375,22.55862897149577
joint,mamba2,64,1,validation,c2-k8,5,"[123, 1, 2, 3, 4]",83.77374999999999,24.12431898731159
joint,mamba2,64,1,validation,c32-k16,5,"[123, 1, 2, 3, 4]",27.604609375,14.9436792730798
joint,mamba2,64,1,validation,c8-k16,5,"[123, 1, 2, 3, 4]",52.19171875,29.130757190830256
joint,mamba2,64,1,validation,macro,5,"[123, 1, 2, 3, 4]",60.2299453125,17.997044731633526
joint,mamba2,64,2,test,c1-k4,5,"[123, 1, 2, 3, 4]",99.73,0.2091369915868528
joint,mamba2,64,2,test,c16-k16,5,"[123, 1, 2, 3, 4]",31.4496875,10.370245703993191
joint,mamba2,64,2,test,c2-k8,5,"[123, 1, 2, 3, 4]",95.035,1.5435549123948027
joint,mamba2,64,2,test,c32-k16,5,"[123, 1, 2, 3, 4]",20.077607421875,5.86699234381128
joint,mamba2,64,2,test,c8-k16,5,"[123, 1, 2, 3, 4]",45.1126171875,14.430855975944592
joint,mamba2,64,2,test,macro,5,"[123, 1, 2, 3, 4]",58.280982421874995,6.306122236549643
joint,mamba2,64,2,validation,c1-k4,5,"[123, 1, 2, 3, 4]",99.69500000000001,0.18255992166957144
joint,mamba2,64,2,validation,c16-k16,5,"[123, 1, 2, 3, 4]",31.4768359375,10.379209710063423
joint,mamba2,64,2,validation,c2-k8,5,"[123, 1, 2, 3, 4]",94.89562500000001,1.5648569722981116
joint,mamba2,64,2,validation,c32-k16,5,"[123, 1, 2, 3, 4]",20.07802734375,5.909870503760929
joint,mamba2,64,2,validation,c8-k16,5,"[123, 1, 2, 3, 4]",45.06546875,14.415643599237914
joint,mamba2,64,2,validation,macro,5,"[123, 1, 2, 3, 4]",58.24219140625,6.326602711072242
joint,mamba2,64,3,test,c1-k4,5,"[123, 1, 2, 3, 4]",99.7625,0.05994789404140966
joint,mamba2,64,3,test,c16-k16,5,"[123, 1, 2, 3, 4]",31.1398828125,7.133837413075153
joint,mamba2,64,3,test,c2-k8,5,"[123, 1, 2, 3, 4]",96.168125,0.9182187824379793
joint,mamba2,64,3,test,c32-k16,5,"[123, 1, 2, 3, 4]",24.50341796875,2.7643241950361706
joint,mamba2,64,3,test,c8-k16,5,"[123, 1, 2, 3, 4]",49.437421875,7.782978127139178
joint,mamba2,64,3,test,macro,5,"[123, 1, 2, 3, 4]",60.202269531249996,3.1894673057458593
joint,mamba2,64,3,validation,c1-k4,5,"[123, 1, 2, 3, 4]",99.7775,0.05332682251925882
joint,mamba2,64,3,validation,c16-k16,5,"[123, 1, 2, 3, 4]",31.1219921875,7.123740107724734
joint,mamba2,64,3,validation,c2-k8,5,"[123, 1, 2, 3, 4]",96.18,0.920463962493915
joint,mamba2,64,3,validation,c32-k16,5,"[123, 1, 2, 3, 4]",24.47953125,2.735834579754104
joint,mamba2,64,3,validation,c8-k16,5,"[123, 1, 2, 3, 4]",49.451328125,7.967783712285783
joint,mamba2,64,3,validation,macro,5,"[123, 1, 2, 3, 4]",60.2020703125,3.246266470284557
joint,mamba2,64,4,test,c1-k4,5,"[123, 1, 2, 3, 4]",99.45375,0.4888323140403123
joint,mamba2,64,4,test,c16-k16,5,"[123, 1, 2, 3, 4]",40.7080859375,16.759961408847225
joint,mamba2,64,4,test,c2-k8,5,"[123, 1, 2, 3, 4]",87.3825,19.332333041567384
joint,mamba2,64,4,test,c32-k16,5,"[123, 1, 2, 3, 4]",27.68666015625,9.940444206853043
joint,mamba2,64,4,test,c8-k16,5,"[123, 1, 2, 3, 4]",57.0865234375,23.486245860936364
joint,mamba2,64,4,test,macro,5,"[123, 1, 2, 3, 4]",62.463503906250004,13.435071691360474
joint,mamba2,64,4,validation,c1-k4,5,"[123, 1, 2, 3, 4]",99.4875,0.4173015995655878
joint,mamba2,64,4,validation,c16-k16,5,"[123, 1, 2, 3, 4]",40.6611328125,16.764474356807387
joint,mamba2,64,4,validation,c2-k8,5,"[123, 1, 2, 3, 4]",87.34375,19.448859346573833
joint,mamba2,64,4,validation,c32-k16,5,"[123, 1, 2, 3, 4]",27.64046875,9.940173596443564
joint,mamba2,64,4,validation,c8-k16,5,"[123, 1, 2, 3, 4]",57.0246875,23.49920823796579
joint,mamba2,64,4,validation,macro,5,"[123, 1, 2, 3, 4]",62.4315078125,13.459376849586175
joint_loglinear,mamba2,64,0,test,c1-k4,2,"[1, 3]",98.409375,0.278423295092191
joint_loglinear,mamba2,64,0,test,c16-k16,2,"[1, 3]",23.79443359375,12.853184922790705
joint_loglinear,mamba2,64,0,test,c2-k8,2,"[1, 3]",83.0890625,12.177704597247082
joint_loglinear,mamba2,64,0,test,c32-k16,2,"[1, 3]",16.148266601562497,6.139641071823018
joint_loglinear,mamba2,64,0,test,c8-k16,2,"[1, 3]",35.6576171875,22.99146650484603
joint_loglinear,mamba2,64,0,test,macro,2,"[1, 3]",51.4197509765625,10.776714760322916
joint_loglinear,mamba2,64,0,validation,c1-k4,2,"[1, 3]",98.3875,0.24748737341528762
joint_loglinear,mamba2,64,0,validation,c16-k16,2,"[1, 3]",23.62744140625,12.783026671844855
joint_loglinear,mamba2,64,0,validation,c2-k8,2,"[1, 3]",83.02812499999999,11.52142111595831
joint_loglinear,mamba2,64,0,validation,c32-k16,2,"[1, 3]",16.122216796875,6.136291982087907
joint_loglinear,mamba2,64,0,validation,c8-k16,2,"[1, 3]",35.323828125000006,22.538476223148404
joint_loglinear,mamba2,64,0,validation,macro,2,"[1, 3]",51.29782226562499,10.546345723924835
mqar,gdn,16,0,validation,16,5,"[123, 1, 2, 3, 4]",45.2025,21.084936399447592
mqar,gdn,16,0,validation,32,5,"[123, 1, 2, 3, 4]",9.460625,4.67814410066241
mqar,gdn,16,0,validation,4,5,"[123, 1, 2, 3, 4]",96.28,5.616337774742542
mqar,gdn,16,0,validation,64,5,"[123, 1, 2, 3, 4]",1.846875,0.8649047940290162
mqar,gdn,16,0,validation,8,5,"[123, 1, 2, 3, 4]",83.2175,19.682919308374963
mqar,gdn,16,0,validation,macro,5,"[123, 1, 2, 3, 4]",47.2015,10.348302008681939
mqar,gdn,16,1,validation,16,5,"[123, 1, 2, 3, 4]",44.8225,18.180436020795817
mqar,gdn,16,1,validation,32,5,"[123, 1, 2, 3, 4]",8.45375,4.138955677651368
mqar,gdn,16,1,validation,4,5,"[123, 1, 2, 3, 4]",96.505,4.35582942733069
mqar,gdn,16,1,validation,64,5,"[123, 1, 2, 3, 4]",1.498125,0.49728191867453314
mqar,gdn,16,1,validation,8,5,"[123, 1, 2, 3, 4]",85.0425,13.590956896959096
mqar,gdn,16,1,validation,macro,5,"[123, 1, 2, 3, 4]",47.264375,7.704335284613096
mqar,gdn,16,2,validation,16,5,"[123, 1, 2, 3, 4]",42.2625,13.51138119790127
mqar,gdn,16,2,validation,32,5,"[123, 1, 2, 3, 4]",16.930625,4.455942310555646
mqar,gdn,16,2,validation,4,5,"[123, 1, 2, 3, 4]",97.145,2.6182890405759265
mqar,gdn,16,2,validation,64,5,"[123, 1, 2, 3, 4]",6.19125,2.3700955734619122
mqar,gdn,16,2,validation,8,5,"[123, 1, 2, 3, 4]",82.0525,10.064310396147368
mqar,gdn,16,2,validation,macro,5,"[123, 1, 2, 3, 4]",48.916375,4.86501749177868
mqar,gdn,16,3,validation,16,5,"[123, 1, 2, 3, 4]",33.92875,8.467094626036134
mqar,gdn,16,3,validation,32,5,"[123, 1, 2, 3, 4]",13.869375,3.3196322097203024
mqar,gdn,16,3,validation,4,5,"[123, 1, 2, 3, 4]",95.755,2.4090584260245755
mqar,gdn,16,3,validation,64,5,"[123, 1, 2, 3, 4]",3.359375,1.4186480380486821
mqar,gdn,16,3,validation,8,5,"[123, 1, 2, 3, 4]",75.2525,9.85806855448876
mqar,gdn,16,3,validation,macro,5,"[123, 1, 2, 3, 4]",44.433,4.089185746375356
mqar,gdn,16,4,validation,16,5,"[123, 1, 2, 3, 4]",32.83875,7.314767810737399
mqar,gdn,16,4,validation,32,5,"[123, 1, 2, 3, 4]",11.921249999999999,2.7914528447342604
mqar,gdn,16,4,validation,4,5,"[123, 1, 2, 3, 4]",93.325,2.2040445775891198
mqar,gdn,16,4,validation,64,5,"[123, 1, 2, 3, 4]",2.845625,0.4132382716310592
mqar,gdn,16,4,validation,8,5,"[123, 1, 2, 3, 4]",74.1825,7.084294910222189
mqar,gdn,16,4,validation,macro,5,"[123, 1, 2, 3, 4]",43.022625,3.2245079763357887
mqar,gdn,32,0,validation,16,5,"[123, 1, 2, 3, 4]",82.435,10.617902592732234
mqar,gdn,32,0,validation,32,5,"[123, 1, 2, 3, 4]",40.411875,21.552908917649614
mqar,gdn,32,0,validation,4,5,"[123, 1, 2, 3, 4]",99.575,0.67938391208506
mqar,gdn,32,0,validation,64,5,"[123, 1, 2, 3, 4]",10.7325,7.046441176363649
mqar,gdn,32,0,validation,8,5,"[123, 1, 2, 3, 4]",97.375,2.6263389442339675
mqar,gdn,32,0,validation,macro,5,"[123, 1, 2, 3, 4]",66.105875,7.87262922957306
mqar,gdn,32,1,validation,16,5,"[123, 1, 2, 3, 4]",84.6825,8.548594319755146
mqar,gdn,32,1,validation,32,5,"[123, 1, 2, 3, 4]",34.941250000000004,20.56928654154356
mqar,gdn,32,1,validation,4,5,"[123, 1, 2, 3, 4]",99.915,0.13416407864999247
mqar,gdn,32,1,validation,64,5,"[123, 1, 2, 3, 4]",8.5921875,8.091550663418715
mqar,gdn,32,1,validation,8,5,"[123, 1, 2, 3, 4]",98.8325,0.7148317109642016
mqar,gdn,32,1,validation,macro,5,"[123, 1, 2, 3, 4]",65.3926875,7.465006660637309
mqar,gdn,32,2,validation,16,5,"[123, 1, 2, 3, 4]",84.71875,3.6002793945400975
mqar,gdn,32,2,validation,32,5,"[123, 1, 2, 3, 4]",38.805,21.96504909705274
mqar,gdn,32,2,validation,4,5,"[123, 1, 2, 3, 4]",99.58500000000001,0.5004997502496902
mqar,gdn,32,2,validation,64,5,"[123, 1, 2, 3, 4]",13.56625,5.060748587860421
mqar,gdn,32,2,validation,8,5,"[123, 1, 2, 3, 4]",98.63499999999999,1.2943808848248668
mqar,gdn,32,2,validation,macro,5,"[123, 1, 2, 3, 4]",67.062,5.164827172961598
mqar,gdn,32,3,validation,16,5,"[123, 1, 2, 3, 4]",84.28375,2.6570204764924186
mqar,gdn,32,3,validation,32,5,"[123, 1, 2, 3, 4]",48.041250000000005,10.768332252126488
mqar,gdn,32,3,validation,4,5,"[123, 1, 2, 3, 4]",99.725,0.24811791551598925
mqar,gdn,32,3,validation,64,5,"[123, 1, 2, 3, 4]",47.964062500000004,18.14359623196338
mqar,gdn,32,3,validation,8,5,"[123, 1, 2, 3, 4]",98.295,1.2578689816511082
mqar,gdn,32,3,validation,macro,5,"[123, 1, 2, 3, 4]",75.6618125,6.0815690330947385
mqar,gdn,32,4,validation,16,5,"[123, 1, 2, 3, 4]",90.22375,1.1514121764164273
mqar,gdn,32,4,validation,32,5,"[123, 1, 2, 3, 4]",56.7425,23.234073278975696
mqar,gdn,32,4,validation,4,5,"[123, 1, 2, 3, 4]",99.93,0.062249497989945834
mqar,gdn,32,4,validation,64,5,"[123, 1, 2, 3, 4]",42.81875,16.976751501766596
mqar,gdn,32,4,validation,8,5,"[123, 1, 2, 3, 4]",99.265,0.34836672487480264
mqar,gdn,32,4,validation,macro,5,"[123, 1, 2, 3, 4]",77.796,8.068302482627423
mqar,gdn,64,0,validation,16,5,"[123, 1, 2, 3, 4]",97.77125,1.1410709744577687
mqar,gdn,64,0,validation,32,5,"[123, 1, 2, 3, 4]",70.9325,6.152719720655043
mqar,gdn,64,0,validation,4,5,"[123, 1, 2, 3, 4]",99.975,0.03535533905932788
mqar,gdn,64,0,validation,64,5,"[123, 1, 2, 3, 4]",22.04375,5.539312957137317
mqar,gdn,64,0,validation,8,5,"[123, 1, 2, 3, 4]",99.8525,0.16090564005031469
mqar,gdn,64,0,validation,macro,5,"[123, 1, 2, 3, 4]",78.11500000000001,2.4100557262261844
mqar,gdn,64,1,validation,16,5,"[123, 1, 2, 3, 4]",91.26875,11.76105447414262
mqar,gdn,64,1,validation,32,5,"[123, 1, 2, 3, 4]",57.018125,17.26056351149565
mqar,gdn,64,1,validation,4,5,"[123, 1, 2, 3, 4]",99.715,0.6097130472607588
mqar,gdn,64,1,validation,64,5,"[123, 1, 2, 3, 4]",15.400625,5.186142353403502
mqar,gdn,64,1,validation,8,5,"[123, 1, 2, 3, 4]",98.705,2.357710091381044
mqar,gdn,64,1,validation,macro,5,"[123, 1, 2, 3, 4]",72.4215,7.419441546459422
mqar,gdn,64,2,validation,16,5,"[123, 1, 2, 3, 4]",84.91125,9.834013438698362
mqar,gdn,64,2,validation,32,5,"[123, 1, 2, 3, 4]",45.334374999999994,23.86502890197679
mqar,gdn,64,2,validation,4,5,"[123, 1, 2, 3, 4]",99.96000000000001,0.06274950199005296
mqar,gdn,64,2,validation,64,5,"[123, 1, 2, 3, 4]",26.6965625,34.09063537345726
mqar,gdn,64,2,validation,8,5,"[123, 1, 2, 3, 4]",99.4175,0.6360645604024808
mqar,gdn,64,2,validation,macro,5,"[123, 1, 2, 3, 4]",71.2639375,12.585857635919796
mqar,gdn,64,3,validation,16,5,"[123, 1, 2, 3, 4]",88.7875,4.300374711144368
mqar,gdn,64,3,validation,32,5,"[123, 1, 2, 3, 4]",62.048750000000005,10.627042450748
mqar,gdn,64,3,validation,4,5,"[123, 1, 2, 3, 4]",99.915,0.06754628043053132
mqar,gdn,64,3,validation,64,5,"[123, 1, 2, 3, 4]",62.885000000000005,24.515251316662866
mqar,gdn,64,3,validation,8,5,"[123, 1, 2, 3, 4]",99.62,0.3547226028885147
mqar,gdn,64,3,validation,macro,5,"[123, 1, 2, 3, 4]",82.65125,7.611963230896197
mqar,gdn,64,4,validation,16,5,"[123, 1, 2, 3, 4]",90.33500000000001,1.7100495698224658
mqar,gdn,64,4,validation,32,5,"[123, 1, 2, 3, 4]",54.275625,17.62977583787582
mqar,gdn,64,4,validation,4,5,"[123, 1, 2, 3, 4]",99.89500000000001,0.12298373876248823
mqar,gdn,64,4,validation,64,5,"[123, 1, 2, 3, 4]",51.480000000000004,20.61666425420716
mqar,gdn,64,4,validation,8,5,"[123, 1, 2, 3, 4]",99.4125,0.2567829823021753
mqar,gdn,64,4,validation,macro,5,"[123, 1, 2, 3, 4]",79.07962500000001,6.542496721406082
mqar,mamba2,16,0,validation,16,5,"[123, 1, 2, 3, 4]",45.2325,9.553575696761397
mqar,mamba2,16,0,validation,32,5,"[123, 1, 2, 3, 4]",20.745,9.737518453127574
mqar,mamba2,16,0,validation,4,5,"[123, 1, 2, 3, 4]",83.19500000000001,4.962213467798415
mqar,mamba2,16,0,validation,64,5,"[123, 1, 2, 3, 4]",6.130625,5.067714521236373
mqar,mamba2,16,0,validation,8,5,"[123, 1, 2, 3, 4]",67.565,6.991252346682958
mqar,mamba2,16,0,validation,macro,5,"[123, 1, 2, 3, 4]",44.573625,7.176704343525308
mqar,mamba2,16,1,validation,16,5,"[123, 1, 2, 3, 4]",40.54125,4.446613880246406
mqar,mamba2,16,1,validation,32,5,"[123, 1, 2, 3, 4]",16.060000000000002,3.095022938879049
mqar,mamba2,16,1,validation,4,5,"[123, 1, 2, 3, 4]",81.93,1.6155881282059443
mqar,mamba2,16,1,validation,64,5,"[123, 1, 2, 3, 4]",3.4309374999999998,1.16450201434186
mqar,mamba2,16,1,validation,8,5,"[123, 1, 2, 3, 4]",64.44500000000001,3.2181929129559657
mqar,mamba2,16,1,validation,macro,5,"[123, 1, 2, 3, 4]",41.2814375,2.6654565414237688
mqar,mamba2,16,2,validation,16,5,"[123, 1, 2, 3, 4]",43.510000000000005,19.514231885825023
mqar,mamba2,16,2,validation,32,5,"[123, 1, 2, 3, 4]",27.44375,8.409748052390603
mqar,mamba2,16,2,validation,4,5,"[123, 1, 2, 3, 4]",86.00500000000001,3.7572596396842255
mqar,mamba2,16,2,validation,64,5,"[123, 1, 2, 3, 4]",13.19625,13.769096939072588
mqar,mamba2,16,2,validation,8,5,"[123, 1, 2, 3, 4]",73.1225,6.447924811518813
mqar,mamba2,16,2,validation,macro,5,"[123, 1, 2, 3, 4]",48.6555,4.184006545344354
mqar,mamba2,16,3,validation,16,5,"[123, 1, 2, 3, 4]",61.72625,8.113156512341545
mqar,mamba2,16,3,validation,32,5,"[123, 1, 2, 3, 4]",40.32875,11.084671329207849
mqar,mamba2,16,3,validation,4,5,"[123, 1, 2, 3, 4]",87.41499999999999,3.3266255424979874
mqar,mamba2,16,3,validation,64,5,"[123, 1, 2, 3, 4]",24.8440625,11.959830400674193
mqar,mamba2,16,3,validation,8,5,"[123, 1, 2, 3, 4]",75.84,5.481505837815007
mqar,mamba2,16,3,validation,macro,5,"[123, 1, 2, 3, 4]",58.0308125,7.445255018797002
mqar,mamba2,16,4,validation,16,5,"[123, 1, 2, 3, 4]",51.66375,8.156801226583866
mqar,mamba2,16,4,validation,32,5,"[123, 1, 2, 3, 4]",30.163125,8.893819011063947
mqar,mamba2,16,4,validation,4,5,"[123, 1, 2, 3, 4]",86.24,4.537434572531046
mqar,mamba2,16,4,validation,64,5,"[123, 1, 2, 3, 4]",14.357187499999998,10.265959707252774
mqar,mamba2,16,4,validation,8,5,"[123, 1, 2, 3, 4]",72.98,7.997238781291947
mqar,mamba2,16,4,validation,macro,5,"[123, 1, 2, 3, 4]",51.0808125,7.455699757044105
mqar,mamba2,32,0,validation,16,5,"[123, 1, 2, 3, 4]",86.6725,9.498294049130614
mqar,mamba2,32,0,validation,32,5,"[123, 1, 2, 3, 4]",59.985,13.746932790001283
mqar,mamba2,32,0,validation,4,5,"[123, 1, 2, 3, 4]",98.08500000000001,1.590459839166021
mqar,mamba2,32,0,validation,64,5,"[123, 1, 2, 3, 4]",22.756562499999998,7.492741148730215
mqar,mamba2,32,0,validation,8,5,"[123, 1, 2, 3, 4]",95.8125,3.5712064663079905
mqar,mamba2,32,0,validation,macro,5,"[123, 1, 2, 3, 4]",72.6623125,7.023152050650941
mqar,mamba2,32,1,validation,16,5,"[123, 1, 2, 3, 4]",88.39625,6.509229625116939
mqar,mamba2,32,1,validation,32,5,"[123, 1, 2, 3, 4]",58.963125,15.322494410536995
mqar,mamba2,32,1,validation,4,5,"[123, 1, 2, 3, 4]",98.92,0.5946112175194846
mqar,mamba2,32,1,validation,64,5,"[123, 1, 2, 3, 4]",22.447499999999998,9.495791921108232
mqar,mamba2,32,1,validation,8,5,"[123, 1, 2, 3, 4]",97.1125,1.8313459872454445
mqar,mamba2,32,1,validation,macro,5,"[123, 1, 2, 3, 4]",73.167875,6.576366478873659
mqar,mamba2,32,2,validation,16,5,"[123, 1, 2, 3, 4]",87.6575,5.198051016967808
mqar,mamba2,32,2,validation,32,5,"[123, 1, 2, 3, 4]",49.831875,10.087184251951209
mqar,mamba2,32,2,validation,4,5,"[123, 1, 2, 3, 4]",98.865,0.7942370552926945
mqar,mamba2,32,2,validation,64,5,"[123, 1, 2, 3, 4]",40.6515625,12.536852657686731
mqar,mamba2,32,2,validation,8,5,"[123, 1, 2, 3, 4]",96.9425,2.231689382508241
mqar,mamba2,32,2,validation,macro,5,"[123, 1, 2, 3, 4]",74.7896875,2.3459537451981842
mqar,mamba2,32,3,validation,16,5,"[123, 1, 2, 3, 4]",85.73750000000001,1.9861483218153664
mqar,mamba2,32,3,validation,32,5,"[123, 1, 2, 3, 4]",56.503125,8.00563918678968
mqar,mamba2,32,3,validation,4,5,"[123, 1, 2, 3, 4]",98.345,0.7567198953377648
mqar,mamba2,32,3,validation,64,5,"[123, 1, 2, 3, 4]",49.394375,16.284179483929908
mqar,mamba2,32,3,validation,8,5,"[123, 1, 2, 3, 4]",96.11,1.5204953962442658
mqar,mamba2,32,3,validation,macro,5,"[123, 1, 2, 3, 4]",77.218,5.2677469741431
mqar,mamba2,32,4,validation,16,5,"[123, 1, 2, 3, 4]",87.655,2.325673625533043
mqar,mamba2,32,4,validation,32,5,"[123, 1, 2, 3, 4]",67.908125,9.867496308508937
mqar,mamba2,32,4,validation,4,5,"[123, 1, 2, 3, 4]",98.775,0.345506874027132
mqar,mamba2,32,4,validation,64,5,"[123, 1, 2, 3, 4]",52.6409375,10.818961411586166
mqar,mamba2,32,4,validation,8,5,"[123, 1, 2, 3, 4]",97.3125,0.6294218577393056
mqar,mamba2,32,4,validation,macro,5,"[123, 1, 2, 3, 4]",80.8583125,4.406625164657969
mqar,mamba2,64,0,validation,16,5,"[123, 1, 2, 3, 4]",97.1875,1.073727444466238
mqar,mamba2,64,0,validation,32,5,"[123, 1, 2, 3, 4]",85.44375,3.8553857165577528
mqar,mamba2,64,0,validation,4,5,"[123, 1, 2, 3, 4]",99.69,0.21109831832584763
mqar,mamba2,64,0,validation,64,5,"[123, 1, 2, 3, 4]",51.1515625,4.757537579290296
mqar,mamba2,64,0,validation,8,5,"[123, 1, 2, 3, 4]",99.335,0.22610838109190406
mqar,mamba2,64,0,validation,macro,5,"[123, 1, 2, 3, 4]",86.5615625,2.002147053107149
mqar,mamba2,64,1,validation,16,5,"[123, 1, 2, 3, 4]",96.94375,1.7362349261404715
mqar,mamba2,64,1,validation,32,5,"[123, 1, 2, 3, 4]",85.645,6.5025057519918805
mqar,mamba2,64,1,validation,4,5,"[123, 1, 2, 3, 4]",99.635,0.36469165057621233
mqar,mamba2,64,1,validation,64,5,"[123, 1, 2, 3, 4]",51.46875,12.590927296879785
mqar,mamba2,64,1,validation,8,5,"[123, 1, 2, 3, 4]",99.3,0.40107278017836195
mqar,mamba2,64,1,validation,macro,5,"[123, 1, 2, 3, 4]",86.5985,4.2362750949020676
mqar,mamba2,64,2,validation,16,5,"[123, 1, 2, 3, 4]",94.985,3.0654309953903742
mqar,mamba2,64,2,validation,32,5,"[123, 1, 2, 3, 4]",84.4125,4.010767368323986
mqar,mamba2,64,2,validation,4,5,"[123, 1, 2, 3, 4]",99.86,0.08023403267940858
mqar,mamba2,64,2,validation,64,5,"[123, 1, 2, 3, 4]",80.7115625,3.745995681067731
mqar,mamba2,64,2,validation,8,5,"[123, 1, 2, 3, 4]",99.63250000000001,0.0455864563220268
mqar,mamba2,64,2,validation,macro,5,"[123, 1, 2, 3, 4]",91.9203125,0.9647957351413141
mqar,mamba2,64,3,validation,16,5,"[123, 1, 2, 3, 4]",94.62875,3.245316938489985
mqar,mamba2,64,3,validation,32,5,"[123, 1, 2, 3, 4]",84.9975,3.5361404189454944
mqar,mamba2,64,3,validation,4,5,"[123, 1, 2, 3, 4]",99.855,0.11779218989389664
mqar,mamba2,64,3,validation,64,5,"[123, 1, 2, 3, 4]",84.6640625,7.594892130544672
mqar,mamba2,64,3,validation,8,5,"[123, 1, 2, 3, 4]",99.5525,0.132994360782705
mqar,mamba2,64,3,validation,macro,5,"[123, 1, 2, 3, 4]",92.7395625,2.5763264806242283
mqar,mamba2,64,4,validation,16,5,"[123, 1, 2, 3, 4]",92.82249999999999,0.7991401629251291
mqar,mamba2,64,4,validation,32,5,"[123, 1, 2, 3, 4]",88.0125,4.6906088648956334
mqar,mamba2,64,4,validation,4,5,"[123, 1, 2, 3, 4]",99.76,0.193326149291813
mqar,mamba2,64,4,validation,64,5,"[123, 1, 2, 3, 4]",87.1278125,1.8458933516389857
mqar,mamba2,64,4,validation,8,5,"[123, 1, 2, 3, 4]",98.55749999999999,2.2525957249360107
mqar,mamba2,64,4,validation,macro,5,"[123, 1, 2, 3, 4]",93.2560625,1.3684639327202737
