run,d,k,read_mode,dirs,step,loss,exact_support,mse,q,N0,B,covers_k,ms_per_step
mkar_d2_k1_plane_oracle_T1024_s0,2,1,plane,oracle,500,0.37858498096466064,0.0,4.5104469656944275,23,23,23,True,113.14445972442627
mkar_d2_k1_plane_oracle_T1024_s0,2,1,plane,oracle,1000,0.38111186027526855,0.0,4.445785939693451,23,23,23,True,112.02289652824402
mkar_d2_k1_plane_oracle_T1024_s0,2,1,plane,oracle,1500,0.3777126669883728,0.0,4.430404901504517,23,23,23,True,111.75342305501302
mkar_d2_k1_plane_oracle_T1024_s0,2,1,plane,oracle,2000,0.3782203495502472,0.0,4.422252118587494,23,23,23,True,111.74899113178253
mkar_d2_k1_plane_oracle_T1024_s0,2,1,plane,oracle,2500,0.377498984336853,0.0,4.449704170227051,23,23,23,True,111.82330169677735
mkar_d2_k1_plane_oracle_T1024_s0,2,1,plane,oracle,3000,0.379098117351532,0.0,4.432026445865631,23,23,23,True,111.700825770696
mkar_d2_k1_plane_oracle_T1024_s0,2,1,plane,oracle,3500,0.3775829076766968,0.0,4.381032407283783,23,23,23,True,111.72972025190082
mkar_d2_k1_plane_oracle_T1024_s0,2,1,plane,oracle,4000,0.37713053822517395,0.0,4.354881703853607,23,23,23,True,111.61782121658325
mkar_d2_k2_plane_oracle_T1024_s0,2,2,plane,oracle,500,0.56041419506073,0.0,1.9736131727695465,23,23,23,False,112.35359811782837
mkar_d2_k1_plane_oracle_T1024_s0,2,1,plane,oracle,500,0.0014980051200836897,1.0,45.72810697555542,23,23,23,True,109.60539865493774
mkar_d2_k1_plane_oracle_T1024_s0,2,1,plane,oracle,1000,0.0006021865410730243,1.0,61.85394334793091,23,23,23,True,110.3206958770752
mkar_d2_k1_plane_oracle_T1024_s0,2,1,plane,oracle,1500,0.0003005291800945997,1.0,69.3285140991211,23,23,23,True,110.7253942489624
mkar_d2_k1_plane_oracle_T1024_s0,2,1,plane,oracle,2000,0.0007749706273898482,1.0,80.33836269378662,23,23,23,True,110.86035716533661
mkar_d2_k1_plane_oracle_T1024_s0,2,1,plane,oracle,2500,0.0002137998235411942,1.0,84.24338245391846,23,23,23,True,110.95709257125854
mkar_d2_k1_plane_oracle_T1024_s0,2,1,plane,oracle,3000,0.00012686612899415195,1.0,85.53916358947754,23,23,23,True,111.03748377164204
mkar_d2_k1_plane_oracle_T1024_s0,2,1,plane,oracle,3500,0.00010870904952753335,1.0,88.2860689163208,23,23,23,True,111.00446237836566
mkar_d2_k1_plane_oracle_T1024_s0,2,1,plane,oracle,4000,0.000430775573477149,1.0,86.56721782684326,23,23,23,True,111.09313118457794
mkar_d2_k2_plane_oracle_T1024_s0,2,2,plane,oracle,500,0.0027429722249507904,1.0,35.10477304458618,23,23,23,False,112.85623693466187
mkar_d2_k2_plane_oracle_T1024_s0,2,2,plane,oracle,1000,0.0017235090490430593,0.99609375,51.798203468322754,23,23,23,False,111.6168224811554
mkar_d2_k2_plane_oracle_T1024_s0,2,2,plane,oracle,1500,0.002325264271348715,0.986328125,59.479007720947266,23,23,23,False,111.63843107223511
mkar_d2_k2_plane_oracle_T1024_s0,2,2,plane,oracle,2000,0.00046261443640105426,1.0,67.47554016113281,23,23,23,False,111.79887807369232
mkar_d2_k2_plane_oracle_T1024_s0,2,2,plane,oracle,2500,0.00352554046548903,1.0,71.02727127075195,23,23,23,False,111.50694303512573
mkar_d2_k1_plane_oracle_T1024_s0,2,1,plane,oracle,500,0.0030010275077074766,1.0,46.16817092895508,23,23,23,True,42.0251841545105
mkar_d2_k1_plane_oracle_T1024_s0,2,1,plane,oracle,1000,0.0021271700970828533,0.99609375,60.33974647521973,23,23,23,True,37.47911739349365
mkar_d2_k1_plane_oracle_T1024_s0,2,1,plane,oracle,1500,0.015792198479175568,1.0,69.68554592132568,23,23,23,True,34.42322095235189
mkar_d2_k1_plane_oracle_T1024_s0,2,1,plane,oracle,2000,0.01004398800432682,0.98046875,75.00043678283691,23,23,23,True,32.904505133628845
mkar_d2_k1_plane_oracle_T1024_s0,2,1,plane,oracle,2500,0.0005323783261701465,0.99609375,78.31949138641357,23,23,23,True,31.99521713256836
mkar_d2_k1_plane_oracle_T1024_s0,2,1,plane,oracle,3000,0.005146410316228867,0.978515625,63.02530002593994,23,23,23,True,31.38945508003235
mkar_d2_k1_plane_oracle_T1024_s0,2,1,plane,oracle,3500,0.022119633853435516,0.884765625,45.36912298202515,23,23,23,True,30.95809268951416
mkar_d2_k1_plane_oracle_T1024_s0,2,1,plane,oracle,4000,0.014383437111973763,0.8515625,43.22361135482788,23,23,23,True,30.634309887886047
mkar_d2_k2_plane_oracle_T1024_s0,2,2,plane,oracle,500,0.36317312717437744,0.0,4.870662987232208,23,23,23,False,29.964093685150146
mkar_d2_k2_plane_oracle_T1024_s0,2,2,plane,oracle,1000,0.3613553047180176,0.0,5.185141921043396,23,23,23,False,35.4432737827301
mkar_d2_k2_plane_oracle_T1024_s0,2,2,plane,oracle,1500,0.3799976706504822,0.001953125,5.236226856708527,23,23,23,False,33.270925998687744
mkar_d2_k2_plane_oracle_T1024_s0,2,2,plane,oracle,2000,0.35985931754112244,0.0,5.166414439678192,23,23,23,False,32.03516721725464
mkar_d2_k2_plane_oracle_T1024_s0,2,2,plane,oracle,2500,0.3646228611469269,0.0,5.289632439613342,23,23,23,False,31.380955982208253
mkar_d2_k2_plane_oracle_T1024_s0,2,2,plane,oracle,3000,0.3889492452144623,0.0,4.555849850177765,23,23,23,False,32.94797706604004
mkar_d2_k2_plane_oracle_T1024_s0,2,2,plane,oracle,3500,0.3748578429222107,0.001953125,4.758380234241486,23,23,23,False,34.09763152258737
mkar_d2_k2_plane_oracle_T1024_s0,2,2,plane,oracle,4000,0.3729814291000366,0.0,5.0031508803367615,23,23,23,False,34.95851320028305
mkar_d2_k3_plane_oracle_T1024_s0,2,3,plane,oracle,500,0.5353434085845947,0.0,2.6467819213867188,23,23,23,False,42.00479555130005
mkar_d2_k3_plane_oracle_T1024_s0,2,3,plane,oracle,1000,0.5402952432632446,0.0,3.1193973422050476,23,23,23,False,40.6371648311615
mkar_d2_k3_plane_oracle_T1024_s0,2,3,plane,oracle,1500,0.5353059768676758,0.0,3.079615294933319,23,23,23,False,37.067113399505615
mkar_d2_k3_plane_oracle_T1024_s0,2,3,plane,oracle,2000,0.5342762470245361,0.0,3.1184228360652924,23,23,23,False,34.79387927055359
mkar_d2_k3_plane_oracle_T1024_s0,2,3,plane,oracle,2500,0.5221490263938904,0.0,3.2269241511821747,23,23,23,False,34.54850778579712
mkar_d2_k3_plane_oracle_T1024_s0,2,3,plane,oracle,3000,0.5288299918174744,0.0,3.209958463907242,23,23,23,False,35.64119704564413
mkar_d2_k3_plane_oracle_T1024_s0,2,3,plane,oracle,3500,0.5293223261833191,0.0,3.216991424560547,23,23,23,False,36.37315722874233
mkar_d2_k3_plane_oracle_T1024_s0,2,3,plane,oracle,4000,0.5234204530715942,0.0,3.2210516035556793,23,23,23,False,36.458227694034576
mkar_d3_k1_plane_oracle_T1024_s0,3,1,plane,oracle,500,0.01782202534377575,0.96484375,44.138442516326904,11,121,132,True,86.00397157669067
mkar_d3_k1_plane_oracle_T1024_s0,3,1,plane,oracle,1000,0.0037791691720485687,0.958984375,47.37943696975708,11,121,132,True,85.53265070915222
mkar_d3_k1_plane_oracle_T1024_s0,3,1,plane,oracle,1500,0.02552853152155876,0.845703125,45.677892208099365,11,121,132,True,85.33587169647217
mkar_d3_k1_plane_oracle_T1024_s0,3,1,plane,oracle,2000,0.05491773784160614,0.80078125,38.82127141952515,11,121,132,True,85.23266911506653
mkar_d3_k1_plane_oracle_T1024_s0,3,1,plane,oracle,2500,0.08192311972379684,0.78125,41.55771255493164,11,121,132,True,85.19457044601441
mkar_d3_k1_plane_oracle_T1024_s0,3,1,plane,oracle,3000,0.12042096257209778,0.734375,41.24768114089966,11,121,132,True,85.18196789423625
mkar_d3_k1_plane_oracle_T1024_s0,3,1,plane,oracle,3500,0.06457575410604477,0.705078125,40.69901514053345,11,121,132,True,85.16253137588501
mkar_d3_k1_plane_oracle_T1024_s0,3,1,plane,oracle,4000,0.12800493836402893,0.7109375,43.42651557922363,11,121,132,True,85.13502550125122
mkar_d3_k2_plane_oracle_T1024_s0,3,2,plane,oracle,500,0.015464572235941887,0.978515625,36.43061113357544,11,121,132,True,85.0265884399414
mkar_d3_k2_plane_oracle_T1024_s0,3,2,plane,oracle,1000,0.0032034735195338726,0.98828125,49.46961259841919,11,121,132,True,84.79267001152039
mkar_d3_k2_plane_oracle_T1024_s0,3,2,plane,oracle,1500,0.02445370703935623,0.974609375,56.66570281982422,11,121,132,True,84.87035242716472
mkar_d3_k2_plane_oracle_T1024_s0,3,2,plane,oracle,2000,0.0021483306773006916,0.978515625,64.7407865524292,11,121,132,True,84.85155975818634
mkar_d3_k2_plane_oracle_T1024_s0,3,2,plane,oracle,2500,0.005710924509912729,0.974609375,70.24079513549805,11,121,132,True,84.75301141738892
mkar_d3_k2_plane_oracle_T1024_s0,3,2,plane,oracle,3000,0.0027468311600387096,0.96875,69.77127838134766,11,121,132,True,84.68564136823018
mkar_d3_k2_plane_oracle_T1024_s0,3,2,plane,oracle,3500,0.01755468174815178,0.962890625,70.58935928344727,11,121,132,True,84.62967525209699
mkar_d3_k2_plane_oracle_T1024_s0,3,2,plane,oracle,4000,0.049494240432977676,0.955078125,45.28011417388916,11,121,132,True,84.58484262228012
mkar_d3_k3_plane_oracle_T1024_s0,3,3,plane,oracle,500,0.5247012972831726,0.0,2.5744330883026123,11,121,132,False,85.61522674560547
mkar_d3_k3_plane_oracle_T1024_s0,3,3,plane,oracle,1000,0.5116980671882629,0.001953125,3.4566033482551575,11,121,132,False,85.3148193359375
mkar_d3_k3_plane_oracle_T1024_s0,3,3,plane,oracle,1500,0.48317432403564453,0.021484375,3.87689870595932,11,121,132,False,85.18554480870564
mkar_d3_k3_plane_oracle_T1024_s0,3,3,plane,oracle,2000,0.419109582901001,0.044921875,4.076924502849579,11,121,132,False,85.16291797161102
mkar_d3_k3_plane_oracle_T1024_s0,3,3,plane,oracle,2500,0.47364354133605957,0.07421875,4.701326012611389,11,121,132,False,85.13219890594482
mkar_d3_k3_plane_oracle_T1024_s0,3,3,plane,oracle,3000,0.4726848006248474,0.1171875,5.714829802513123,11,121,132,False,85.06400005022685
mkar_d3_k3_plane_oracle_T1024_s0,3,3,plane,oracle,3500,0.4154967963695526,0.15625,5.993350327014923,11,121,132,False,84.95044708251953
mkar_d3_k3_plane_oracle_T1024_s0,3,3,plane,oracle,4000,0.4154037833213806,0.142578125,6.639387547969818,11,121,132,False,84.85644221305847
mkar_d4_k1_plane_oracle_T1024_s0,4,1,plane,oracle,500,0.10536031424999237,0.681640625,20.471051454544067,5,125,155,True,91.05608797073364
mkar_d4_k1_plane_oracle_T1024_s0,4,1,plane,oracle,1000,0.05040862411260605,0.875,37.53781700134277,5,125,155,True,90.8076684474945
mkar_d4_k1_plane_oracle_T1024_s0,4,1,plane,oracle,1500,0.0379236675798893,0.8046875,39.842023849487305,5,125,155,True,90.69770018259685
mkar_d4_k1_plane_oracle_T1024_s0,4,1,plane,oracle,2000,0.05961952358484268,0.685546875,41.70263433456421,5,125,155,True,90.4163224697113
mkar_d4_k1_plane_oracle_T1024_s0,4,1,plane,oracle,2500,0.09348660707473755,0.78515625,46.45119857788086,5,125,155,True,90.32427415847778
mkar_d4_k1_plane_oracle_T1024_s0,4,1,plane,oracle,3000,0.092972531914711,0.806640625,48.085304737091064,5,125,155,True,90.37456599871318
mkar_d4_k1_plane_oracle_T1024_s0,4,1,plane,oracle,3500,0.08047309517860413,0.828125,50.716464042663574,5,125,155,True,90.29012911660331
mkar_d4_k1_plane_oracle_T1024_s0,4,1,plane,oracle,4000,0.08057519793510437,0.6953125,47.206918239593506,5,125,155,True,90.19305270910263
mkar_d4_k2_plane_oracle_T1024_s0,4,2,plane,oracle,500,0.1157122477889061,0.623046875,17.781859874725342,5,125,155,True,90.54316186904907
mkar_d4_k2_plane_oracle_T1024_s0,4,2,plane,oracle,1000,0.19850827753543854,0.712890625,26.572187185287476,5,125,155,True,90.07579398155212
mkar_d4_k2_plane_oracle_T1024_s0,4,2,plane,oracle,1500,0.09429895132780075,0.80078125,30.508779048919678,5,125,155,True,89.92812077204387
mkar_d4_k2_plane_oracle_T1024_s0,4,2,plane,oracle,2000,0.14262481033802032,0.767578125,32.70287799835205,5,125,155,True,89.97526788711548
mkar_d4_k2_plane_oracle_T1024_s0,4,2,plane,oracle,2500,0.1049950048327446,0.794921875,36.046963691711426,5,125,155,True,90.15101356506348
mkar_d4_k2_plane_oracle_T1024_s0,4,2,plane,oracle,3000,0.07018927484750748,0.751953125,33.76754665374756,5,125,155,True,90.26164277394612
mkar_d4_k2_plane_oracle_T1024_s0,4,2,plane,oracle,3500,0.0844920352101326,0.783203125,36.4048285484314,5,125,155,True,90.34002031598773
mkar_d4_k2_plane_oracle_T1024_s0,4,2,plane,oracle,4000,0.10328519344329834,0.814453125,35.34601068496704,5,125,155,True,90.40453320741653
mkar_d4_k3_plane_oracle_T1024_s0,4,3,plane,oracle,500,0.13070766627788544,0.708984375,22.85869598388672,5,125,155,True,91.66605186462402
mkar_d4_k3_plane_oracle_T1024_s0,4,3,plane,oracle,1000,0.11490611732006073,0.83984375,27.716046571731567,5,125,155,True,91.25458288192749
mkar_d4_k3_plane_oracle_T1024_s0,4,3,plane,oracle,1500,0.09521716088056564,0.7109375,23.798097848892212,5,125,155,True,91.14328527450562
mkar_d4_k3_plane_oracle_T1024_s0,4,3,plane,oracle,2000,0.09240651875734329,0.787109375,29.322314739227295,5,125,155,True,91.0683217048645
mkar_d4_k3_plane_oracle_T1024_s0,4,3,plane,oracle,2500,0.13939720392227173,0.79296875,28.509380340576172,5,125,155,True,91.00486907958984
mkar_d4_k3_plane_oracle_T1024_s0,4,3,plane,oracle,3000,0.09858067333698273,0.791015625,28.46837067604065,5,125,155,True,90.97530388832092
mkar_d4_k3_plane_oracle_T1024_s0,4,3,plane,oracle,3500,0.1075645238161087,0.896484375,31.183934450149536,5,125,155,True,90.94408014842442
mkar_d4_k3_plane_oracle_T1024_s0,4,3,plane,oracle,4000,0.08404327929019928,0.837890625,30.955899000167847,5,125,155,True,90.93348783254623
mkar_d3_k2_plane_learned_T1024_s0,3,2,plane,learned,500,0.37751516699790955,0.0,4.5248939990997314,11,121,132,True,84.2946457862854
mkar_d3_k2_plane_learned_T1024_s0,3,2,plane,learned,1000,0.3669144809246063,0.0,4.97545713186264,11,121,132,True,83.98368954658508
mkar_d3_k2_plane_learned_T1024_s0,3,2,plane,learned,1500,0.3651696443557739,0.0,5.037698864936829,11,121,132,True,83.93822320302327
mkar_d3_k2_plane_learned_T1024_s0,3,2,plane,learned,2000,0.36049866676330566,0.0,5.106886446475983,11,121,132,True,83.83917379379272
mkar_d3_k2_plane_learned_T1024_s0,3,2,plane,learned,2500,0.3667033016681671,0.001953125,5.278301775455475,11,121,132,True,83.79866762161255
mkar_d3_k2_plane_learned_T1024_s0,3,2,plane,learned,3000,0.3675459027290344,0.0,4.935358464717865,11,121,132,True,83.84498349825542
mkar_d3_k2_plane_learned_T1024_s0,3,2,plane,learned,3500,0.37214237451553345,0.0,5.207402408123016,11,121,132,True,83.8857455934797
mkar_d3_k2_plane_learned_T1024_s0,3,2,plane,learned,4000,0.3772836923599243,0.001953125,5.101620256900787,11,121,132,True,83.8627210855484
mkar_d4_k3_plane_learned_T1024_s0,4,3,plane,learned,500,0.6326013803482056,0.0,1.379291981458664,5,125,155,True,89.50931072235107
mkar_d4_k3_plane_learned_T1024_s0,4,3,plane,learned,1000,0.5433353185653687,0.0,2.1744863092899323,5,125,155,True,89.1202335357666
mkar_d4_k3_plane_learned_T1024_s0,4,3,plane,learned,1500,0.5583199262619019,0.0,2.268221139907837,5,125,155,True,89.04927603403728
mkar_d4_k3_plane_learned_T1024_s0,4,3,plane,learned,2000,0.5412806868553162,0.0,2.3247018456459045,5,125,155,True,89.23934423923492
mkar_d4_k3_plane_learned_T1024_s0,4,3,plane,learned,2500,0.5447181463241577,0.0,2.5001634061336517,5,125,155,True,89.35335597991943
mkar_d4_k3_plane_learned_T1024_s0,4,3,plane,learned,3000,0.5323185324668884,0.0,2.432423710823059,5,125,155,True,89.44320885340373
mkar_d4_k3_plane_learned_T1024_s0,4,3,plane,learned,3500,0.5290417075157166,0.0,2.6574220061302185,5,125,155,True,89.46573536736625
mkar_d4_k3_plane_learned_T1024_s0,4,3,plane,learned,4000,0.5363790392875671,0.0,2.5023238956928253,5,125,155,True,89.39642870426178
