arm,k,seed,steps,rows_mode,loss_final,loss_best,loss_q25,loss_q50,loss_q75,loss_tail_slope,nmse,nmse_answerable,nmse_unanswerable,exact_support_frac,leak_rel,leak_max,influence_mean,influence_max,influence_zero_frac,train_seconds,T,d,cols,source,ceiling_answerable,n_patterns
gated_deltanet,1,0,1500,mask,4.483909776809014e-08,3.463705056105937e-08,2.4002864051908546e-07,1.2310164265727508e-07,1.1622944384725997e-07,-0.00023163481882325184,0.0001498818164691329,0.0001498818164691329,nan,1.0,8.571156562275917e-10,2.780167562832503e-07,0.0,0.0,1.0,60.76284059509635,1024,0,513,witness,1.0,2
gated_deltanet,1,1,1500,mask,9.190555942950596e-07,3.1198086958283966e-07,1.4667473806184717e-05,7.591212352053844e-07,1.3838557606504764e-06,-0.00037008667304938255,0.0006309018353931606,0.0006309018353931606,nan,1.0,1.0821264773142047e-08,1.4185548025125172e-06,0.0,0.0,1.0,59.81824520230293,1024,0,513,witness,1.0,2
gated_deltanet,1,2,1500,mask,9.503084186235355e-08,5.661006952095704e-08,5.411554411693942e-06,7.718091410424677e-07,2.372058531818766e-07,-0.0013642223039997546,0.0005281837075017393,0.0005281837075017393,nan,1.0,9.38690458696101e-10,3.0791736094215594e-07,0.0,0.0,1.0,59.8988224118948,1024,0,513,witness,1.0,2
loglinear,1,0,1500,mask,2.645172691995157e-10,1.3211837179838426e-10,7.910231580865457e-09,5.5719877600779455e-09,2.0631346631105885e-10,-0.0001656232598234109,4.927084773953538e-06,4.927084773953538e-06,nan,0.998046875,0.00015275483019649982,0.04954804107546806,0.0,0.0,1.0,71.58442714065313,1024,0,513,witness,1.0,2
loglinear,1,1,1500,mask,5.075166398249564e-10,9.56023246678761e-11,0.00022780263680033386,8.190763622906161e-09,1.1925402887413838e-09,-0.0021864649443713003,6.4076566275161895e-09,6.4076566275161895e-09,nan,1.0,9.987987141357735e-06,0.0013093207962810993,0.0,0.0,1.0,71.61127722263336,1024,0,513,witness,1.0,2
loglinear,1,2,1500,mask,1.224577772518387e-09,3.402911841199341e-10,6.714628398185596e-05,1.7194469137393753e-07,6.774718563917759e-09,-0.004545911283160764,2.073308458250267e-08,2.073308458250267e-08,nan,1.0,1.431750092706352e-06,0.000469655089545995,0.0,0.0,1.0,71.63919366896152,1024,0,513,witness,1.0,2
gated_deltanet,2,0,1500,mask,0.30965757369995117,0.07024304568767548,0.44703617691993713,0.18166399002075195,0.27906033396720886,0.00037037973167787974,0.22754688560962677,0.14070993661880493,0.4880577325820923,0.703125,0.0003468945506028831,0.022242028266191483,0.0,0.0,1.0,59.94635669514537,1024,0,513 206,witness+greedy,0.75,3
gated_deltanet,2,1,1500,mask,0.16000472009181976,0.02234531193971634,0.2610766887664795,0.3518213629722595,0.12509186565876007,0.0013362085439535805,0.11527679115533829,0.00133988237939775,0.5221943259239197,0.78125,0.0004033900622744113,0.004003412090241909,0.0,0.0,1.0,59.73123398795724,1024,0,513 206,witness+greedy,0.75,3
gated_deltanet,2,2,1500,mask,0.21850904822349548,0.08033758401870728,0.19396176934242249,0.22221775352954865,0.28088825941085815,-0.0002667226543420692,0.23951637744903564,0.1678890734910965,0.4895836114883423,0.51953125,0.00019480222545098513,0.006337619852274656,0.0,0.0,1.0,59.996362909674644,1024,0,513 206,witness+greedy,0.75,3
loglinear,2,0,1500,mask,0.09768898040056229,0.010319076478481293,0.19826316833496094,0.09353586286306381,0.19233307242393494,0.0001909117723246458,0.12201442569494247,4.3464090992983984e-08,0.48805761337280273,0.748046875,3.378306428203359e-05,0.00161604059394449,0.0,0.0,1.0,71.80250571295619,1024,0,513 206,witness+greedy,0.75,3
loglinear,2,1,1500,mask,0.15976637601852417,0.012075266800820827,0.14654676616191864,0.1871023178100586,0.1240323930978775,0.0012833335803637878,0.11423147469758987,7.372132415639499e-08,0.5222008228302002,0.78125,9.739927190821618e-05,0.0011652709217742085,0.0,0.0,1.0,71.95577296614647,1024,0,513 206,witness+greedy,0.75,3
loglinear,2,2,1500,mask,0.1053566187620163,0.012001346796751022,0.054469961673021317,0.08458472788333893,0.10781529545783997,-0.0013025384752834925,0.10902120918035507,1.484197298395884e-07,0.48963862657546997,0.771484375,1.5575024008285254e-05,0.0005792566807940602,0.0,0.0,1.0,71.95665078237653,1024,0,513 206,witness+greedy,0.75,3
gated_deltanet,3,0,1500,mask,0.3294605016708374,0.11955045908689499,0.29452165961265564,0.2819203734397888,0.3179371654987335,0.0007330517946196078,0.2854454517364502,0.24632519483566284,0.32841360569000244,0.3984375,0.002301732311025262,0.018627416342496872,0.0,0.0,1.0,59.85378226265311,1024,0,513 105 2,witness+greedy,0.5,4
gated_deltanet,3,1,1500,mask,0.2835690677165985,0.13232864439487457,0.2270718514919281,0.3069938123226166,0.21880128979682922,-0.0004996243077141089,0.2895895540714264,0.24288822710514069,0.33702632784843445,0.345703125,0.0010457211174070835,0.01185300201177597,2.888670813661065e-08,7.502683274651645e-07,0.87109375,60.02244043722749,1024,0,513 105 2,witness+greedy,0.5,4
gated_deltanet,3,2,1500,mask,0.19287574291229248,0.04863452538847923,0.39390501379966736,0.12056197971105576,0.217857226729393,0.0006849096347623809,0.14545992016792297,0.025118201971054077,0.26209887862205505,0.44921875,0.04336037486791611,0.5388500690460205,0.06840250641107559,4.429920196533203,0.876953125,59.851272851228714,1024,0,513 105 2,witness+greedy,0.5,4
loglinear,3,0,1500,mask,0.1370892971754074,0.044951461255550385,0.16522619128227234,0.13883239030838013,0.16924762725830078,0.0006939011341248465,0.13074740767478943,0.027961548417806625,0.24364332854747772,0.494140625,0.04000697657465935,0.5027884840965271,0.05953964963555336,3.1849799156188965,0.865234375,71.76405511796474,1024,0,513 105 2,witness+greedy,0.5,4
loglinear,3,1,1500,mask,0.1497650146484375,0.04798183590173721,0.1540469229221344,0.14155597984790802,0.12280979752540588,-0.0005749656188990371,0.1422865092754364,0.018453113734722137,0.2680700421333313,0.486328125,0.040465161204338074,0.5140475034713745,0.05581475794315338,1.6834962368011475,0.87109375,71.88645536452532,1024,0,513 105 2,witness+greedy,0.5,4
loglinear,3,2,1500,mask,0.19378821551799774,0.04769063740968704,0.1675465703010559,0.1210557371377945,0.21856121718883514,0.000663600989933808,0.14567524194717407,0.025773843750357628,0.2618873715400696,0.416015625,0.04206886887550354,0.5301942825317383,0.06742735207080841,4.389573574066162,0.876953125,71.86771535500884,1024,0,513 105 2,witness+greedy,0.5,4
gated_deltanet,4,0,1500,mask,0.16385117173194885,0.0832437202334404,0.29413363337516785,0.18451912701129913,0.18885767459869385,-0.0008646728493324681,0.1749049872159958,0.024316679686307907,0.26082348823547363,0.318359375,0.05902973935008049,0.7249191999435425,0.09199684113264084,2.971928596496582,0.845703125,60.02813280373812,1024,0,513 399 18 5,witness+greedy,0.3125,5
gated_deltanet,4,1,1500,mask,0.2646790146827698,0.15094035863876343,0.3927838206291199,0.2861632704734802,0.27012860774993896,-0.0002311321946591735,0.31344568729400635,0.2312522828578949,0.34407538175582886,0.1875,0.004307062830775976,0.05614457651972771,3.388526792491575e-09,7.649289557321026e-08,0.8046875,59.80620922148228,1024,0,513 399 18 5,witness+greedy,0.3125,5
gated_deltanet,4,2,1500,mask,0.3454870581626892,0.18554940819740295,0.36358609795570374,0.3612113893032074,0.4361928701400757,-5.472826634135514e-05,0.33276498317718506,0.30497559905052185,0.3474477231502533,0.220703125,0.004297950305044651,0.030919473618268967,0.0,0.0,1.0,55.480796828866005,1024,0,513 399 18 5,witness+greedy,0.3125,5
loglinear,4,0,1500,mask,0.16593308746814728,0.08230206370353699,0.2624090313911438,0.18354184925556183,0.18952691555023193,-0.0008636362105305895,0.1750602424144745,0.025490986183285713,0.2603972852230072,0.330078125,0.05900171026587486,0.705845057964325,0.09102758765220642,3.019137382507324,0.845703125,72.02523732557893,1024,0,513 399 18 5,witness+greedy,0.3125,5
loglinear,4,1,1500,mask,0.14587529003620148,0.07591632008552551,0.2298344075679779,0.18978974223136902,0.21509355306625366,-0.00046477732553005467,0.1915917992591858,0.021836264058947563,0.25485190749168396,0.2265625,0.06903965026140213,0.6975289583206177,0.10191935300827026,2.1194934844970703,0.8046875,72.18867027014494,1024,0,513 399 18 5,witness+greedy,0.3125,5
loglinear,4,2,1500,mask,0.15114352107048035,0.08564292639493942,0.23643064498901367,0.2064850926399231,0.13903170824050903,-0.00015970811595797737,0.16910508275032043,0.02133907936513424,0.24717846512794495,0.3046875,0.07747933268547058,0.7352784872055054,0.11897476017475128,2.6235878467559814,0.80078125,72.21242314577103,1024,0,513 399 18 5,witness+greedy,0.3125,5
gated_deltanet,5,0,1500,mask,0.16153939068317413,0.1114971861243248,0.22347064316272736,0.21223782002925873,0.1114971861243248,-0.00016152100697817927,0.20076364278793335,0.029936151579022408,0.237688347697258,0.169921875,0.11099742352962494,0.701256513595581,0.151930570602417,3.088609218597412,0.701171875,59.987337812781334,1024,0,513 425 365 341 470,witness+greedy,0.1875,6
gated_deltanet,5,1,1500,mask,0.19394247233867645,0.1082589253783226,0.22463226318359375,0.17011518776416779,0.17960558831691742,-0.0006631143834571767,0.18401950597763062,0.027966022491455078,0.2182026505470276,0.171875,0.10527627170085907,0.7017291188240051,0.15353697538375854,1.4430590867996216,0.685546875,60.001106545329094,1024,0,513 425 365 341 470,witness+greedy,0.1875,6
gated_deltanet,5,2,1500,mask,0.17718720436096191,0.11473988741636276,0.22152042388916016,0.1795104444026947,0.16034625470638275,0.0003873012677935504,0.1901421844959259,0.037480857223272324,0.22492113709449768,0.166015625,0.10232239961624146,0.7046586871147156,0.13933217525482178,1.632331132888794,0.701171875,59.81374618038535,1024,0,513 425 365 341 470,witness+greedy,0.1875,6
loglinear,5,0,1500,mask,0.16206368803977966,0.11366837471723557,0.22762326896190643,0.2097567617893219,0.1148558259010315,-0.00016424689011365084,0.20065781474113464,0.030752291902899742,0.23738323152065277,0.17578125,0.10968580842018127,0.6989923119544983,0.15129157900810242,3.097792625427246,0.701171875,72.2169162593782,1024,0,513 425 365 341 470,witness+greedy,0.1875,6
loglinear,5,1,1500,mask,0.1931736171245575,0.10758073627948761,0.18785767257213593,0.17102591693401337,0.1808404177427292,-0.0006918787185978924,0.18419820070266724,0.028408730402588844,0.2183235138654709,0.169921875,0.10337062180042267,0.7053720951080322,0.15396520495414734,1.4593782424926758,0.685546875,72.22093883901834,1024,0,513 425 365 341 470,witness+greedy,0.1875,6
loglinear,5,2,1500,mask,0.1782543957233429,0.11518833786249161,0.23006942868232727,0.17861638963222504,0.15923868119716644,0.00036585255341645774,0.19014987349510193,0.03775348886847496,0.22486849129199982,0.146484375,0.10136586427688599,0.7381536364555359,0.13926754891872406,1.650272250175476,0.701171875,72.19837168604136,1024,0,513 425 365 341 470,witness+greedy,0.1875,6
gated_deltanet,6,0,1500,mask,0.32972413301467896,0.22863039374351501,0.35810959339141846,0.30712026357650757,0.33111944794654846,-9.141687384441522e-05,0.3275827169418335,0.23177100718021393,0.339585542678833,0.05859375,0.01829184591770172,0.6861763596534729,0.011141456663608551,1.0432777404785156,0.69140625,60.174146343022585,1024,0,513 403 156 131 171 6,witness+greedy,0.109375,7
gated_deltanet,6,1,1500,mask,0.2678189277648926,0.12707743048667908,0.3019593060016632,0.23807373642921448,0.22667813301086426,0.00034065334645326365,0.2063407599925995,0.03081224299967289,0.22575931251049042,0.08984375,0.11611727625131607,0.7232742309570312,0.1438944786787033,1.6078401803970337,0.693359375,57.06996313109994,1024,0,513 403 156 131 171 6,witness+greedy,0.109375,7
gated_deltanet,6,2,1500,mask,0.24834363162517548,0.10249176621437073,0.4734117388725281,0.21402189135551453,0.2146550714969635,0.00010573618247931758,0.22162079811096191,0.031001873314380646,0.2455005645751953,0.099609375,0.12468256056308746,0.7272065877914429,0.17156091332435608,2.595750570297241,0.6953125,59.89322407543659,1024,0,513 403 156 131 171 6,witness+greedy,0.109375,7
loglinear,6,0,1500,mask,0.26087650656700134,0.11952708661556244,0.22694727778434753,0.16118626296520233,0.20583359897136688,-0.00021514433553327582,0.2085171937942505,0.02831973135471344,0.23109140992164612,0.09765625,0.11521071195602417,0.7689333558082581,0.1465132236480713,1.6358286142349243,0.69140625,72.10045993328094,1024,0,513 403 156 131 171 6,witness+greedy,0.109375,7
loglinear,6,1,1500,mask,0.26879391074180603,0.12732790410518646,0.2143450677394867,0.23900946974754333,0.22931209206581116,0.00033375663088396046,0.20633475482463837,0.029948405921459198,0.2258482128381729,0.091796875,0.11760593950748444,0.740487277507782,0.14644169807434082,1.6322333812713623,0.693359375,72.2135675624013,1024,0,513 403 156 131 171 6,witness+greedy,0.109375,7
loglinear,6,2,1500,mask,0.2490205019712448,0.10325200855731964,0.2757941484451294,0.21355554461479187,0.21495644748210907,0.00011517643371445332,0.22187165915966034,0.030534151941537857,0.24584142863750458,0.103515625,0.1241578459739685,0.7408691048622131,0.17179636657238007,2.9839112758636475,0.6953125,72.26468172296882,1024,0,513 403 156 131 171 6,witness+greedy,0.109375,7
